ADA1O0,,,
ADA2O0,,,
ADA3M0,ADA1O0,ADA2O0,
ADA4M0,ADA3M0,,
AVI1O0,,,
AVI2O0,,,
AVI3M0,AVI1O0,AVI2O0,
AVI4M0,AVI3M0,,
AWP3O0,,,
ASM2O0,,,
ASM3M0,ASM2O0,,
ASM4M0,ASM3M0,,
AMI1O0,,,
AMI2O0,,,
AMI3M0,,,
AMI4M0,,,
AMU1O0,,,
AMU2O0,,,
AMU3M0,AMU2O0,,
AMU4M0,AMU3M0,,
BTT1O0,,,
BBI2O0,,,
BMI3C0,,,
BAF3M0,,,
BAT4M0,BAF3M0,,
BBB4M0,,,
BOH4M0,,,
CGC1D0,,,
CGC1P0,,,
CHC2D0,,,
CHC2P0,,,
CHV2O0,,,
CHE3O0,CHC2D0,CHC2P0,
CGF3M0,CGC1D0,CGC1P0,
CLU3M0,CHC2D0,CHC2P0,
CGG3O0,CGC1D0,CGC1P0,
CHW3M0,CHC2D0,CHC2P0,
CHY4U0,,,
CGW4U0,,,
CIA4U0,,,
CLN4U0,,,
CHM4E0,CHC2D0,CHC2P0,
ICS3U0,,,
ICS4U0,ICS3U0,,
ENG1D0,,,
ENG2D0,ENG1D0,ENG1P0,
ENG1P0,,,
ENG2P0,ENG1D0,ENG1P0,
ENG1L0,,,
ENG3C0,ENG2P0,,
ENG4C0,ENG3C0,,
ENG3U0,ENG2D0,,
ENG4U0,ENG3U0,,
OLC4O0,,,
EWC4U0,ENG3U0,,
NDA3M0,ENG2P0,,
NBE3U0,ENG2D0,,
NDW4M0,,,
FSF1D0,,,
FSF2D0,FSF1D0,,
FSF1P0,,,
FSF3U0,FSF2D0,,
FSF4U0,FSF3U0,,
GLC2O0,,,
COP2XC,,,
COP4XC,,,
GLS1O0,,,
GLE1O0,,,
GLE2O0,,,
GLE3O0,,,
GLS4O0,,,
GLE4O0,,,
PPL1OF,,,
PPL1OM,,,
PPL2OF,,,
PPL2OM,,,
PPL3OF,,,
PPL3OM,,,
PPL4OM,,,
PAF2OF,,,
PAF3OF,,,
PAF3OM,,,
PAF4OF,,,
PAF4OM,,,
PAL3O0,,,
PSK4U0,,,
PLF4M0,,,
MPM1D0,,,
MPM2D0,MPM1D0,,
MFM1P0,,,
MFM2P0,MFM1P0,MPM1D0,
MAT1L0,,,
MAT2L0,,,
MCR3U0,MPM2D0,,
MCF3M0,MPM2D0,,
MBF3C0,MFM2P0,,
MEL3E0,MPM1D0,MFM1P0,MAT1L0
MEL4E0,MEL3E0,MCF3M0,
MHF4U0,MCR3U0,,
MCV4U0,,,
MDM4U0,MCR3U0,,
MAP4C0,MBF3C0,MCF3M0,
SNC1D0,,,
SNC2D0,SNC1D0,,
SNC1P0,,,
SNC2P0,SNC1P0,,
SNC4M0,SNC2D0,,
SVN3M0,SNC2D0,,
SBI3C0,SNC2D0,,
SBI3U0,SNC2D0,,
SBI4U0,SBI3U0,SNC2P0,
SCH4C0,SNC2D0,,
SCH3U0,SNC2D0,,
SCH4U0,SCH3U0,,
SPH4C0,SNC2D0,,
SPH3U0,SNC2D0,,
SPH4U0,SPH3U0,,
SES4U0,SNC2D0,SNC2P0,
HIF1O0,,,
HFN2O0,,,
HNC3C0,,,
HPC3O0,,,
HSP3U0,ENG2D0,,
HSP3C0,,,
HFC3M0,,,
HIP4O0,,,
HZT4U0,,,
HSB4U0,,,
HNB4M0,,,
HFA4U0,,,
HFA4C0,,,
HHG4M0,,,
TIJ1O0,,,
TGJ2O0,,,
TGJ3M0,,,
TGJ4M0,TGJ3M0,,
TEJ2O0,,,
TCJ2O0,,,
TCJ3C0,,,
TCJ4C0,TCJ3C0,,
TDJ3M0,,,
TDJ4M0,TDJ3M0,,
IDC4U0,,,
TTJ2O0,,,
TTJ3C0,,,
TTJ4C0,TTJ3C0,,
CHC2PL,,,
GLC2OL,,,
CHV2OL,,,
CGC1PL,,,
SNC1PL,,,
ESLA-D,,,
ELSCO0,,,