student_g9_name_1,9,1,CGC1D0C,AVI1O0B,TIJ1O0D,ENG1D0A,SPARE,SNC1D0A,MPM1D0A,SPARE,
student_g9_name_2,9,2,CGC1D0C,ADA1O0A,PPL1OFA,ENG1D0A,FSF1D0A,SNC1D0A,MPM1D0A,TIJ1O0F,
student_g9_name_3,9,3,CGC1D0C,PPL1OMD,TIJ1O0D,ENG1D0A,FSF1D0A,SNC1D0A,MPM1D0A,AMU1O0A,
student_g9_name_4,9,4,CGC1D0C,AVI1O0B,PPL1OFA,ENG1D0A,FSF1D0A,SNC1D0A,MPM1D0A,TIJ1O0F,
student_g9_name_5,9,5,CGC1D0C,AVI1O0B,TIJ1O0D,ENG1D0A,SPARE,SNC1D0A,MPM1D0A,SPARE,
student_g9_name_6,9,6,CGC1D0C,AVI1O0B,PPL1OFA,ENG1D0A,FSF1D0A,SNC1D0A,MPM1D0A,TIJ1O0F,
student_g9_name_7,9,7,CGC1D0C,ADA1O0A,TIJ1O0D,ENG1D0A,SPARE,SNC1D0A,MPM1D0A,SPARE,
student_g9_name_8,9,8,CGC1D0C,TIJ1O0H,PPL1OFA,ENG1D0A,FSF1D0A,SNC1D0A,MPM1D0A,AMU1O0A,
student_g9_name_9,9,9,CGC1D0C,AVI1O0B,TIJ1O0D,ENG1D0A,SPARE,SNC1D0A,MPM1D0A,SPARE,
student_g9_name_10,9,10,CGC1D0C,AVI1O0B,PPL1OFA,ENG1D0A,FSF1D0A,SNC1D0A,MPM1D0A,TIJ1O0F,
student_g9_name_11,9,11,CGC1D0C,AVI1O0B,SPARE,ENG1D0A,SPARE,SNC1D0A,SPARE,SPARE,
student_g9_name_12,9,12,CGC1D0C,ADA1O0A,PPL1OFA,ENG1D0A,FSF1D0A,SNC1D0A,MPM1D0A,TIJ1O0F,
student_g9_name_13,9,13,CGC1D0C,PPL1OMD,TIJ1O0D,ENG1D0A,FSF1D0A,SNC1D0A,MPM1D0A,AMU1O0A,
student_g9_name_14,9,14,CGC1D0C,AVI1O0B,TIJ1O0D,ENG1D0A,FSF1D0A,SNC1D0A,MPM1D0A,ENG2D0F,
student_g9_name_15,9,15,CGC1D0C,AVI1O0B,TIJ1O0D,ENG1D0A,SPARE,SNC1D0A,MPM1D0A,SPARE,
student_g9_name_16,9,16,CGC1D0C,AVI1O0B,PPL1OFA,ENG1D0A,FSF1D0A,SNC1D0A,MPM1D0A,TIJ1O0F,
student_g9_name_17,9,17,CGC1D0C,ADA1O0A,TIJ1O0D,ENG1D0A,SPARE,SNC1D0A,MPM1D0A,SPARE,
student_g9_name_18,9,18,CGC1D0C,TIJ1O0H,PPL1OFA,ENG1D0A,FSF1D0A,SNC1D0A,MPM1D0A,AMU1O0A,
student_g9_name_19,9,19,CGC1D0C,AVI1O0B,SPARE,ENG1D0A,SPARE,SNC1D0A,SPARE,SPARE,
student_g9_name_20,9,20,CGC1D0C,AVI1O0B,PPL1OFA,ENG1D0A,FSF1D0A,SNC1D0A,MPM1D0A,TIJ1O0F,
student_g9_name_21,9,21,CGC1D0C,AVI1O0B,TIJ1O0D,ENG1D0A,SPARE,SNC1D0A,MPM1D0A,SPARE,
student_g9_name_22,9,22,CGC1D0C,ADA1O0A,PPL1OFA,ENG1D0A,FSF1D0A,SNC1D0A,MPM1D0A,TIJ1O0F,
student_g9_name_23,9,23,CGC1D0C,PPL1OMD,TIJ1O0D,ENG1D0A,FSF1D0A,SNC1D0A,MPM1D0A,AMU1O0A,
student_g9_name_24,9,24,CGC1D0C,AVI1O0B,PPL1OFA,ENG1D0A,FSF1D0A,SNC1D0A,MPM1D0A,TIJ1O0F,
student_g9_name_25,9,25,CGC1D0C,AVI1O0B,TIJ1O0D,ENG1D0A,SPARE,SNC1D0A,MPM1D0A,SPARE,
student_g9_name_26,9,26,CGC1D0C,AVI1O0B,PPL1OFA,ENG1D0A,FSF1D0A,SNC1D0A,MPM1D0A,TIJ1O0F,
student_g9_name_27,9,27,CGC1D0C,ADA1O0A,PPL1OFA,ENG1D0A,FSF1D0A,SNC1D0A,MPM1D0A,TIJ1O0F,
student_g9_name_28,9,28,CGC1D0C,TIJ1O0H,PPL1OFA,ENG1D0A,FSF1D0A,SNC1D0A,MPM1D0A,AMU1O0A,
student_g9_name_29,9,29,CGC1D0C,AVI1O0B,TIJ1O0D,ENG1D0A,SPARE,SNC1D0A,MPM1D0A,SPARE,
student_g9_name_30,9,30,CGC1D0C,SPARE,PPL1OFA,ENG1D0A,FSF1D0A,SNC1D0A,MPM1D0A,SPARE,
student_g9_name_31,9,31,CGC1D0C,AVI1O0B,TIJ1O0D,ENG1D0A,SPARE,SNC1D0A,MPM1D0A,SPARE,
student_g9_name_32,9,32,CGC1D0C,ADA1O0A,PPL1OFA,ENG1D0A,FSF1D0A,SNC1D0A,MPM1D0A,TIJ1O0F,
student_g9_name_33,9,33,CGC1D0C,PPL1OMD,TIJ1O0D,ENG1D0A,FSF1D0A,SNC1D0A,MPM1D0A,AMU1O0A,
student_g9_name_34,9,34,CGC1D0C,AVI1O0B,PPL1OFA,ENG1D0A,FSF1D0A,SNC1D0A,MPM1D0A,TIJ1O0F,
student_g9_name_35,9,35,CGC1D0C,AVI1O0B,TIJ1O0D,ENG1D0A,SPARE,SNC1D0A,MPM1D0A,SPARE,
student_g9_name_36,9,36,CGC1D0C,AVI1O0B,PPL1OFA,ENG1D0A,FSF1D0A,SNC1D0A,MPM1D0A,TIJ1O0F,
student_g9_name_37,9,37,CGC1D0C,ADA1O0A,TIJ1O0D,ENG1D0A,SPARE,SNC1D0A,MPM1D0A,SPARE,
student_g9_name_38,9,38,CGC1D0C,SPARE,PPL1OFA,SPARE,FSF1D0A,SNC1D0A,MPM1D0A,AMU1O0A,
student_g9_name_39,9,39,CGC1D0C,AVI1O0B,TIJ1O0D,ENG1D0A,SPARE,SNC1D0A,MPM1D0A,SPARE,
student_g9_name_40,9,40,CGC1D0C,AVI1O0B,PPL1OFA,ENG1D0A,FSF1D0A,SNC1D0A,MPM1D0A,TIJ1O0F,
student_g9_name_41,9,41,CGC1D0C,AVI1O0B,TIJ1O0D,ENG1D0A,FSF1D0A,SNC1D0A,MPM1D0A,ENG2D0F,
student_g9_name_42,9,42,CGC1D0C,ADA1O0A,PPL1OFA,ENG1D0A,FSF1D0A,SNC1D0A,MPM1D0A,TIJ1O0F,
student_g9_name_43,9,43,CGC1D0C,PPL1OMD,TIJ1O0D,ENG1D0A,FSF1D0A,SNC1D0A,MPM1D0A,AMU1O0A,
student_g9_name_44,9,44,CGC1D0C,AVI1O0B,PPL1OFA,ENG1D0A,FSF1D0A,SNC1D0A,MPM1D0A,TIJ1O0F,
student_g9_name_45,9,45,CGC1D0C,AVI1O0B,TIJ1O0D,ENG1D0A,SPARE,SNC1D0A,MPM1D0A,SPARE,
student_g9_name_46,9,46,CGC1D0C,AVI1O0B,PPL1OFA,ENG1D0A,FSF1D0A,SNC1D0A,MPM1D0A,TIJ1O0F,
student_g9_name_47,9,47,CGC1D0C,ADA1O0A,TIJ1O0D,ENG1D0A,SPARE,SNC1D0A,MPM1D0A,SPARE,
student_g9_name_48,9,48,CGC1D0C,TIJ1O0H,PPL1OFA,ENG1D0A,FSF1D0A,SNC1D0A,MPM1D0A,AMU1O0A,
student_g9_name_49,9,49,CGC1D0C,AVI1O0B,SPARE,ENG1D0A,SPARE,SNC1D0A,SPARE,SPARE,
student_g9_name_50,9,50,CGC1D0C,AVI1O0B,PPL1OFA,ENG1D0A,FSF1D0A,SNC1D0A,MPM1D0A,TIJ1O0F,
student_g9_name_51,9,51,CGC1D0C,AVI1O0B,TIJ1O0D,ENG1D0A,SPARE,SNC1D0A,MPM1D0A,SPARE,
student_g9_name_52,9,52,CGC1D0C,ADA1O0A,PPL1OFA,ENG1D0A,FSF1D0A,SNC1D0A,MPM1D0A,TIJ1O0F,
student_g9_name_53,9,53,CGC1D0C,PPL1OMD,TIJ1O0D,ENG1D0A,FSF1D0A,SNC1D0A,MPM1D0A,AMU1O0A,
student_g9_name_54,9,54,CGC1D0C,AVI1O0B,PPL1OFA,ENG1D0A,FSF1D0A,SNC1D0A,MPM1D0A,TIJ1O0F,
student_g9_name_55,9,55,CGC1D0C,AVI1O0B,TIJ1O0D,ENG1D0A,SPARE,SNC1D0A,MPM1D0A,SPARE,
student_g9_name_56,9,56,CGC1D0C,AVI1O0B,TIJ1O0D,ENG1D0A,FSF1D0A,SNC1D0A,MPM1D0A,ENG2D0F,
student_g9_name_57,9,57,CGC1D0C,ADA1O0A,SPARE,ENG1D0A,SPARE,SNC1D0A,SPARE,SPARE,
student_g9_name_58,9,58,CGC1D0C,TIJ1O0H,PPL1OFA,ENG1D0A,FSF1D0A,SNC1D0A,MPM1D0A,AMU1O0A,
student_g9_name_59,9,59,CGC1D0C,AVI1O0B,TIJ1O0D,ENG1D0A,SPARE,SNC1D0A,MPM1D0A,SPARE,
student_g9_name_60,9,60,CGC1D0C,AVI1O0B,PPL1OFA,ENG1D0A,FSF1D0A,SNC1D0A,MPM1D0A,TIJ1O0F,
student_g9_name_61,9,61,CGC1D0C,AVI1O0B,TIJ1O0D,ENG1D0A,SPARE,SNC1D0A,MPM1D0A,SPARE,
student_g9_name_62,9,62,CGC1D0C,ADA1O0A,PPL1OFA,ENG1D0A,FSF1D0A,SNC1D0A,MPM1D0A,TIJ1O0F,
student_g9_name_63,9,63,CGC1D0C,PPL1OMD,TIJ1O0D,ENG1D0A,FSF1D0A,SNC1D0A,MPM1D0A,AMU1O0A,
student_g9_name_64,9,64,CGC1D0C,AVI1O0B,PPL1OFA,ENG1D0A,FSF1D0A,SNC1D0A,MPM1D0A,TIJ1O0F,
student_g9_name_65,9,65,CGC1D0C,AVI1O0B,TIJ1O0D,ENG1D0A,SPARE,SNC1D0A,MPM1D0A,SPARE,
student_g9_name_66,9,66,CGC1D0C,AVI1O0B,PPL1OFA,ENG1D0A,FSF1D0A,SNC1D0A,MPM1D0A,TIJ1O0F,
student_g9_name_67,9,67,CGC1D0C,ADA1O0A,TIJ1O0D,ENG1D0A,SPARE,SNC1D0A,MPM1D0A,SPARE,
student_g9_name_68,9,68,CGC1D0C,GLE1O0A,PPL1OFA,ENG1D0A,FSF1D0A,SNC1D0A,MPM1D0A,AMU1O0A,
student_g9_name_69,9,69,CGC1D0C,AVI1O0B,TIJ1O0D,ENG1D0A,SPARE,SNC1D0A,MPM1D0A,SPARE,
student_g9_name_70,9,70,CGC1D0C,AVI1O0B,PPL1OFA,ENG1D0A,FSF1D0A,SNC1D0A,MPM1D0A,TIJ1O0F,
student_g9_name_71,9,71,CGC1D0C,AVI1O0B,TIJ1O0D,ENG1D0A,SPARE,SNC1D0A,MPM1D0A,SPARE,
student_g9_name_72,9,72,CGC1D0C,ADA1O0A,PPL1OFA,ENG1D0A,FSF1D0A,SNC1D0A,MPM1D0A,TIJ1O0F,
student_g9_name_73,9,73,CGC1D0C,PPL1OMD,TIJ1O0D,ENG1D0A,FSF1D0A,SNC1D0A,MPM1D0A,AMU1O0A,
student_g9_name_74,9,74,CGC1D0C,AVI1O0B,PPL1OFA,ENG1D0A,FSF1D0A,SNC1D0A,MPM1D0A,TIJ1O0F,
student_g9_name_75,9,75,CGC1D0C,AVI1O0B,TIJ1O0D,ENG1D0A,SPARE,SNC1D0A,MPM1D0A,SPARE,
student_g9_name_76,9,76,CGC1D0C,AVI1O0B,PPL1OFA,ENG1D0A,FSF1D0A,SNC1D0A,MPM1D0A,ENG2D0F,
student_g9_name_77,9,77,CGC1D0C,ADA1O0A,TIJ1O0D,ENG1D0A,SPARE,SNC1D0A,MPM1D0A,SPARE,
student_g9_name_78,9,78,CGC1D0C,TIJ1O0H,PPL1OFA,ENG1D0A,FSF1D0A,SNC1D0A,MPM1D0A,AMU1O0A,
student_g9_name_79,9,79,CGC1D0C,AVI1O0B,TIJ1O0D,ENG1D0A,SPARE,SNC1D0A,MPM1D0A,SPARE,
student_g9_name_80,9,80,SNC1P0A,AVI1O0B,PPL1OFA,ENG1D0A,FSF1D0A,TIJ1O0I,MPM1D0A,CGC1D0E,
student_g9_name_81,9,81,CGC1D0C,AVI1O0B,TIJ1O0D,ENG1D0A,SPARE,SNC1D0A,MPM1D0A,SPARE,
student_g9_name_82,9,82,CGC1D0C,ADA1O0A,PPL1OFA,ENG1D0A,FSF1D0A,SNC1D0A,MPM1D0A,TIJ1O0F,
student_g9_name_83,9,83,SNC1P0A,PPL1OMD,AMU1O0B,ENG1D0A,FSF1D0A,TIJ1O0I,MPM1D0A,CGC1D0E,
student_g9_name_84,9,84,CGC1D0C,AVI1O0B,PPL1OFA,ENG1D0A,FSF1D0A,SNC1D0A,MPM1D0A,TIJ1O0F,
student_g9_name_85,9,85,SNC1P0A,AVI1O0B,TIJ1O0D,ENG1D0A,FSF1D0A,PPL1OMF,MPM1D0A,CGC1D0E,
student_g9_name_86,9,86,CGC1D0C,AVI1O0B,PPL1OFA,ENG1D0A,FSF1D0A,SNC1D0A,MPM1D0A,TIJ1O0F,
student_g9_name_87,9,87,CGC1D0C,ADA1O0A,SPARE,ENG1D0A,SPARE,SNC1D0A,SPARE,SPARE,
student_g9_name_88,9,88,CGC1D0C,TIJ1O0H,PPL1OFA,ENG1D0A,FSF1D0A,SNC1D0A,MPM1D0A,AMU1O0A,
student_g9_name_89,9,89,CGC1D0C,AVI1O0B,TIJ1O0D,ENG1D0A,SPARE,SNC1D0A,MPM1D0A,SPARE,
student_g9_name_90,9,90,CGC1D0C,AVI1O0B,PPL1OFA,ENG1D0A,FSF1D0A,SNC1D0A,MPM1D0A,TIJ1O0F,
student_g9_name_91,9,91,CGC1D0C,AVI1O0B,TIJ1O0D,ENG1D0A,SPARE,SNC1D0A,MPM1D0A,SPARE,
student_g9_name_92,9,92,CGC1D0C,ADA1O0A,PPL1OFA,ENG1D0A,FSF1D0A,SNC1D0A,MPM1D0A,TIJ1O0F,
student_g9_name_93,9,93,CGC1D0C,PPL1OMD,TIJ1O0D,ENG1D0A,FSF1D0A,SNC1D0A,MPM1D0A,AMU1O0A,
student_g9_name_94,9,94,CGC1D0C,AVI1O0B,PPL1OFA,ENG1D0A,FSF1D0A,SNC1D0A,MPM1D0A,TIJ1O0F,
student_g9_name_95,9,95,CGC1D0C,AVI1O0B,SPARE,ENG1D0A,SPARE,SNC1D0A,SPARE,SPARE,
student_g9_name_96,9,96,CGC1D0C,AVI1O0B,PPL1OFA,ENG1D0A,FSF1D0A,SNC1D0A,MPM1D0A,HIF1O0B,
student_g9_name_97,9,97,CGC1D0C,ADA1O0A,TIJ1O0D,ENG1D0A,SPARE,SNC1D0A,MPM1D0A,SPARE,
student_g9_name_98,9,98,CGC1D0C,SPARE,PPL1OFA,SPARE,FSF1D0A,SNC1D0A,MPM1D0A,AMU1O0A,
student_g9_name_99,9,99,CGC1D0C,AVI1O0B,TIJ1O0D,ENG1D0A,SPARE,SNC1D0A,MPM1D0A,SPARE,
student_g9_name_100,9,100,CGC1D0C,AVI1O0B,PPL1OFA,ENG1D0A,FSF1D0A,SNC1D0A,MPM1D0A,TIJ1O0F,
student_g9_name_101,9,101,CGC1D0C,AVI1O0B,HIF1O0A,ENG1D0A,SPARE,SNC1D0A,MPM1D0A,SPARE,
student_g9_name_102,9,102,CGC1D0C,ADA1O0A,PPL1OFA,ENG1D0A,FSF1D0A,SNC1D0A,MPM1D0A,TIJ1O0F,
student_g9_name_103,9,103,CGC1D0C,PPL1OMD,HIF1O0A,ENG1D0A,FSF1D0A,SNC1D0A,MPM1D0A,AMU1O0A,
student_g9_name_104,9,104,CGC1D0C,AVI1O0B,PPL1OFA,ENG1D0A,FSF1D0A,SNC1D0A,MPM1D0A,HIF1O0B,
student_g9_name_105,9,105,CGC1D0C,AVI1O0B,TIJ1O0D,ENG1D0A,SPARE,SNC1D0A,MPM1D0A,SPARE,
student_g9_name_106,9,106,CGC1D0C,SPARE,PPL1OFA,ENG1D0A,FSF1D0A,SNC1D0A,MPM1D0A,SPARE,
student_g9_name_107,9,107,CGC1D0C,ADA1O0A,TIJ1O0D,ENG1D0A,SPARE,SNC1D0A,MPM1D0A,SPARE,
student_g9_name_108,9,108,CGC1D0C,SPARE,PPL1OFA,SPARE,FSF1D0A,SNC1D0A,MPM1D0A,AMU1O0A,
student_g9_name_109,9,109,CGC1D0C,AVI1O0B,HIF1O0A,ENG1D0A,SPARE,SNC1D0A,MPM1D0A,SPARE,
student_g9_name_110,9,110,CGC1D0C,AVI1O0B,PPL1OFA,ENG1D0A,FSF1D0A,SNC1D0A,MPM1D0A,TIJ1O0F,
student_g9_name_111,9,111,CGC1D0C,AVI1O0B,HIF1O0A,ENG1D0A,SPARE,SNC1D0A,MPM1D0A,SPARE,
student_g9_name_112,9,112,CGC1D0C,ADA1O0A,PPL1OFA,ENG1D0A,FSF1D0A,SNC1D0A,MPM1D0A,TIJ1O0F,
student_g9_name_113,9,113,CGC1D0C,PPL1OMD,TIJ1O0D,ENG1D0A,FSF1D0A,SNC1D0A,MPM1D0A,AMU1O0A,
student_g9_name_114,9,114,CGC1D0C,AVI1O0B,PPL1OFA,ENG1D0A,FSF1D0A,SNC1D0A,MPM1D0A,ENG2D0F,
student_g9_name_115,9,115,CGC1D0C,AVI1O0B,HIF1O0A,ENG1D0A,SPARE,SNC1D0A,MPM1D0A,SPARE,
student_g9_name_116,9,116,CGC1D0C,AVI1O0B,PPL1OFA,ENG1D0A,FSF1P0A,SNC1D0A,MPM1D0A,TIJ1O0F,
student_g9_name_117,9,117,CGC1D0C,ADA1O0A,HIF1O0A,ENG1D0A,SPARE,SNC1D0A,MPM1D0A,SPARE,
student_g9_name_118,9,118,CGC1D0C,TIJ1O0H,PPL1OFA,ENG1D0A,FSF1P0A,SNC1D0A,MPM1D0A,AMU1O0A,
student_g9_name_119,9,119,CGC1D0C,AVI1O0B,TIJ1O0D,ENG1D0A,SPARE,SNC1D0A,MPM1D0A,SPARE,
student_g9_name_120,9,120,CGC1D0C,AVI1O0B,PPL1OFA,ENG1D0A,FSF1P0A,SNC1D0A,MPM1D0A,HIF1O0B,
student_g9_name_121,9,121,CGC1D0C,AVI1O0B,TIJ1O0D,ENG1D0A,SPARE,SNC1D0A,MPM1D0A,SPARE,
student_g9_name_122,9,122,CGC1D0C,ADA1O0A,PPL1OFA,ENG1D0A,FSF1P0A,SNC1D0A,MPM1D0A,HIF1O0B,
student_g9_name_123,9,123,CGC1D0C,PPL1OMD,HIF1O0A,ENG1D0A,FSF1P0A,SNC1D0A,MPM1D0A,AMU1O0A,
student_g9_name_124,9,124,CGC1D0C,AVI1O0B,PPL1OFA,ENG1D0A,FSF1P0A,SNC1D0A,MPM1D0A,TIJ1O0F,
student_g9_name_125,9,125,CGC1D0C,AVI1O0B,SPARE,ENG1D0A,SPARE,SNC1D0A,SPARE,SPARE,
student_g9_name_126,9,126,CGC1D0C,AVI1O0B,PPL1OFA,ENG1D0A,FSF1P0A,SNC1D0A,MPM1D0A,TIJ1O0F,
student_g9_name_127,9,127,CGC1D0C,ADA1O0A,HIF1O0A,ENG1D0A,SPARE,SNC1D0A,MPM1D0A,SPARE,
student_g9_name_128,9,128,CGC1D0C,SPARE,PPL1OFA,SPARE,FSF1P0A,SNC1D0A,MPM1D0A,AMU1O0A,
student_g9_name_129,9,129,CGC1D0C,AVI1O0B,TIJ1O0D,ENG1D0A,SPARE,SNC1D0A,MPM1D0A,SPARE,
student_g9_name_130,9,130,CGC1D0C,AVI1O0B,PPL1OFA,ENG1D0A,FSF1P0A,SNC1D0A,MPM1D0A,HIF1O0B,
student_g9_name_131,9,131,CGC1D0C,AVI1O0B,TIJ1O0D,ENG1D0A,SPARE,SNC1D0A,MPM1D0A,SPARE,
student_g9_name_132,9,132,CGC1D0C,ADA1O0A,PPL1OFA,ENG1D0A,FSF1P0A,SNC1D0A,MPM1D0A,TIJ1O0F,
student_g9_name_133,9,133,CGC1D0C,PPL1OMD,TIJ1O0D,ENG1D0A,FSF1P0A,SNC1D0A,MPM1D0A,AMU1O0A,
student_g9_name_134,9,134,CGC1D0C,AVI1O0B,PPL1OFA,ENG1D0A,FSF1P0A,SNC1D0A,MPM1D0A,HIF1O0B,
student_g9_name_135,9,135,CGC1D0C,AVI1O0B,TIJ1O0D,ENG1D0A,SPARE,SNC1D0A,MPM1D0A,SPARE,
student_g9_name_136,9,136,CGC1D0C,AVI1O0B,PPL1OFA,ENG1D0A,FSF1P0A,SNC1D0A,MPM1D0A,HIF1O0B,
student_g9_name_137,9,137,CGC1D0C,ADA1O0A,TIJ1O0D,ENG1D0A,SPARE,SNC1D0A,MPM1D0A,SPARE,
student_g9_name_138,9,138,CGC1D0C,TIJ1O0H,PPL1OFA,ENG1D0A,FSF1P0A,SNC1D0A,MPM1D0A,AMU1O0A,
student_g9_name_139,9,139,CGC1D0C,AVI1O0B,HIF1O0A,ENG1D0A,SPARE,SNC1D0A,MPM1D0A,SPARE,
student_g9_name_140,9,140,CGC1D0C,AVI1O0B,PPL1OFA,ENG1D0A,FSF1P0A,SNC1D0A,MPM1D0A,TIJ1O0F,
student_g9_name_141,9,141,CGC1D0C,AVI1O0B,HIF1O0A,SNC1D0B,FSF1P0A,SPARE,MPM1D0A,SPARE,
student_g9_name_142,9,142,CGC1D0C,ADA1O0A,PPL1OFA,SNC1D0B,FSF1P0A,ENG1P0A,MPM1D0A,HIF1O0B,
student_g9_name_143,9,143,CGC1D0C,PPL1OMD,TIJ1O0D,SNC1D0B,FSF1P0A,ENG1P0A,MPM1D0A,AMU1O0A,
student_g9_name_144,9,144,CGC1D0C,SPARE,PPL1OFA,SNC1D0B,FSF1P0A,ENG1P0A,MPM1D0A,SPARE,
student_g9_name_145,9,145,CGC1D0C,AVI1O0B,TIJ1O0D,SNC1D0B,FSF1P0A,SPARE,MPM1D0A,SPARE,
student_g9_name_146,9,146,CGC1D0C,AVI1O0B,PPL1OFA,SNC1D0B,FSF1P0A,ENG1P0A,MPM1D0A,HIF1O0B,
student_g9_name_147,9,147,CGC1D0C,ADA1O0A,HIF1O0A,SNC1D0B,FSF1P0A,SPARE,MPM1D0A,SPARE,
student_g9_name_148,9,148,CGC1D0C,TIJ1O0H,PPL1OFA,SNC1D0B,FSF1P0A,ENG1P0A,MPM1D0A,AMU1O0A,
student_g9_name_149,9,149,CGC1D0C,AVI1O0B,HIF1O0A,SNC1D0B,FSF1P0A,SPARE,MPM1D0A,SPARE,
student_g9_name_150,9,150,CGC1D0C,AVI1O0B,PPL1OFA,SNC1D0B,FSF1P0A,ENG1P0A,MPM1D0A,TIJ1O0F,
student_g9_name_151,9,151,CGC1D0C,AVI1O0B,TIJ1O0D,SNC1D0B,FSF1P0A,SPARE,MPM1D0A,SPARE,
student_g9_name_152,9,152,CGC1D0C,ADA1O0A,PPL1OFA,SNC1D0B,FSF1P0A,ENG1P0A,MPM1D0A,ENG1D0C,
student_g9_name_153,9,153,CGC1D0C,PPL1OMD,TIJ1O0D,SNC1D0B,FSF1P0A,ENG1P0A,MPM1D0A,AMU1O0A,
student_g9_name_154,9,154,CGC1D0C,AVI1O0B,PPL1OFA,SNC1D0B,FSF1P0A,ENG1P0A,MPM1D0A,TIJ1O0F,
student_g9_name_155,9,155,CGC1D0C,AVI1O0B,TIJ1O0D,SNC1D0B,FSF1P0A,SPARE,MPM1D0A,SPARE,
student_g9_name_156,9,156,CGC1D0C,AVI1O0B,PPL1OFA,SNC1D0B,FSF1P0A,ENG1P0A,MPM1D0A,TIJ1O0F,
student_g9_name_157,9,157,CGC1D0C,ADA1O0A,TIJ1O0D,SNC1D0B,FSF1P0A,SPARE,MPM1D0A,SPARE,
student_g9_name_158,9,158,CGC1D0C,TIJ1O0H,PPL1OFA,SNC1D0B,FSF1P0A,ENG1P0A,MPM1D0A,AMU1O0A,
student_g9_name_159,9,159,CGC1D0C,AVI1O0B,SPARE,SNC1D0B,FSF1P0A,SPARE,SPARE,SPARE,
student_g9_name_160,9,160,CGC1D0C,AVI1O0B,PPL1OFA,SNC1D0B,FSF1P0A,ENG1P0A,MPM1D0A,HIF1O0B,
student_g9_name_161,9,161,PPL1OMC,MFM1P0A,TIJ1O0D,SNC1D0B,FSF1P0A,ENG1P0A,CGC1D0B,AVI1O0D,
student_g9_name_162,9,162,SPARE,MFM1P0A,PPL1OFA,SNC1D0B,FSF1P0A,ENG1P0A,CGC1D0B,HIF1O0B,
student_g9_name_163,9,163,PPL1OMC,MFM1P0A,TIJ1O0D,SNC1D0B,FSF1P0A,ENG1P0A,CGC1D0B,AMU1O0A,
student_g9_name_164,9,164,TIJ1O0E,MFM1P0A,PPL1OFA,SNC1D0B,FSF1P0A,ENG1P0A,CGC1D0B,AVI1O0D,
student_g9_name_165,9,165,PPL1OMC,MFM1P0A,HIF1O0A,SNC1D0B,FSF1P0A,ENG1P0A,CGC1D0B,AVI1O0D,
student_g9_name_166,9,166,SNC1P0A,MFM1P0A,PPL1OFA,CGC1D0A,FSF1P0A,ENG1P0A,TIJ1O0A,AVI1O0D,
student_g9_name_167,9,167,SNC1P0A,MFM1P0A,HIF1O0A,CGC1D0A,FSF1P0A,SPARE,ADA1O0B,SPARE,
student_g9_name_168,9,168,SNC1P0A,MFM1P0A,PPL1OFA,SPARE,FSF1P0A,ENG1P0A,SPARE,AMU1O0A,
student_g9_name_169,9,169,SNC1P0A,MFM1P0A,TIJ1O0D,CGC1D0A,FSF1P0A,ENG1P0A,PPL1OMA,AVI1O0D,
student_g9_name_170,9,170,SNC1P0A,SPARE,PPL1OFA,CGC1D0A,FSF1P0A,ENG1P0A,SPARE,AVI1O0D,
student_g9_name_171,9,171,SNC1P0A,MFM1P0A,TIJ1O0D,CGC1D0A,FSF1P0A,ENG1P0A,PPL1OMA,AVI1O0D,
student_g9_name_172,9,172,SNC1P0A,MFM1P0A,PPL1OFA,CGC1D0A,FSF1P0A,ENG1P0A,ADA1O0B,HIF1O0B,
student_g9_name_173,9,173,SNC1P0A,MFM1P0A,HIF1O0A,CGC1D0A,FSF1P0A,ENG1P0A,PPL1OMA,AMU1O0A,
student_g9_name_174,9,174,SNC1P0A,MFM1P0A,PPL1OFA,CGC1D0A,FSF1P0A,ENG1P0A,TIJ1O0A,AVI1O0D,
student_g9_name_175,9,175,SNC1P0A,MFM1P0A,HIF1O0A,CGC1D0A,FSF1P0A,ENG1P0A,PPL1OMA,AVI1O0D,
student_g9_name_176,9,176,SNC1P0A,MFM1P0A,PPL1OFA,CGC1D0A,FSF1P0A,ENG1P0A,TIJ1O0A,AVI1O0D,
student_g9_name_177,9,177,SNC1P0A,MFM1P0A,TIJ1O0D,CGC1D0A,FSF1P0A,SPARE,ADA1O0B,SPARE,
student_g9_name_178,9,178,SNC1P0A,MFM1P0A,PPL1OFA,SPARE,FSF1P0A,ENG1P0A,SPARE,AMU1O0A,
student_g9_name_179,9,179,SNC1P0A,MFM1P0A,HIF1O0A,CGC1D0A,FSF1P0A,ENG1P0A,PPL1OMA,AVI1O0D,
student_g9_name_180,9,180,SNC1P0A,MFM1P0A,PPL1OFA,CGC1D0A,FSF1P0A,ENG1P0A,TIJ1O0A,AVI1O0D,
student_g9_name_181,9,181,SNC1P0A,MFM1P0A,HIF1O0A,SPARE,FSF1P0A,ENG1P0A,SPARE,AVI1O0D,
student_g9_name_182,9,182,SNC1P0A,MFM1P0A,TIJ1O0D,SPARE,FSF1P0A,ENG1P0A,ADA1O0B,SPARE,
student_g9_name_183,9,183,SNC1P0A,MFM1P0A,SPARE,SPARE,FSF1P0A,ENG1P0A,TIJ1O0A,AMU1O0A,
student_g9_name_184,9,184,SNC1P0A,MFM1P0A,HIF1O0A,SPARE,FSF1P0A,ENG1P0A,SPARE,AVI1O0D,
student_g9_name_185,9,185,SNC1P0A,MFM1P0A,SPARE,SPARE,FSF1P0A,ENG1P0A,TIJ1O0A,AVI1O0D,
student_g9_name_186,9,186,SNC1P0A,MFM1P0A,HIF1O0A,SPARE,FSF1P0A,ENG1P0A,SPARE,AVI1O0D,
student_g9_name_187,9,187,SNC1P0A,MFM1P0A,PPL1OFA,CGC1D0A,FSF1P0A,ENG1P0A,ADA1O0B,HIF1O0B,
student_g9_name_188,9,188,SNC1P0A,MFM1P0A,TIJ1O0D,CGC1D0A,FSF1P0A,ENG1P0A,PPL1OMA,AMU1O0A,
student_g9_name_189,9,189,SNC1P0A,SPARE,PPL1OFA,CGC1D0A,FSF1P0A,ENG1P0A,SPARE,AVI1O0D,
student_g9_name_190,9,190,SNC1P0A,MFM1P0A,TIJ1O0D,CGC1D0A,FSF1P0A,ENG1P0A,PPL1OMA,AVI1O0D,
student_g9_name_191,9,191,SNC1P0A,MFM1P0A,PPL1OFA,SPARE,FSF1P0A,ENG1P0A,SPARE,AVI1O0D,
student_g9_name_192,9,192,SNC1P0A,MFM1P0A,HIF1O0A,CGC1D0A,FSF1P0A,SPARE,ADA1O0B,SPARE,
student_g9_name_193,9,193,SNC1P0A,MFM1P0A,PPL1OFA,CGC1D0A,FSF1P0A,ENG1P0A,TIJ1O0A,AMU1O0A,
student_g9_name_194,9,194,SNC1P0A,MFM1P0A,HIF1O0A,CGC1D0A,FSF1P0A,ENG1P0A,PPL1OMA,AVI1O0D,
student_g9_name_195,9,195,SNC1P0A,MFM1P0A,PPL1OFA,CGC1D0A,FSF1P0A,ENG1P0A,TIJ1O0A,AVI1O0D,
student_g9_name_196,9,196,SNC1P0A,MFM1P0A,TIJ1O0D,CGC1D0A,FSF1P0A,ENG1P0A,PPL1OMA,AVI1O0D,
student_g9_name_197,9,197,SNC1P0A,MFM1P0A,PPL1OFA,SPARE,FSF1P0A,ENG1P0A,ADA1O0B,SPARE,
student_g9_name_198,9,198,SNC1P0A,MFM1P0A,AMU1O0B,HIF1O0C,FSF1P0A,ENG1P0A,PPL1OMA,CGC1P0B,
student_g9_name_199,9,199,SNC1P0A,MFM1P0A,PPL1OFA,AVI1O0C,FSF1P0A,ENG1P0A,TIJ1O0A,CGC1P0B,
student_g9_name_200,9,200,SNC1P0A,MFM1P0A,HIF1O0A,AVI1O0C,FSF1P0A,ENG1P0A,ENG1D0E,CGC1P0B,
student_g9_name_201,9,201,SNC1P0A,MFM1P0A,SPARE,SPARE,FSF1P0A,ENG1P0A,TIJ1O0A,CGC1P0B,
student_g9_name_202,9,202,SNC1P0A,MFM1P0A,TIJ1O0D,BTT1O0A,FSF1D0A,ENG1P0A,ADA1O0B,CGC1P0B,
student_g9_name_203,9,203,SNC1P0A,MFM1P0A,AMU1O0B,HIF1O0C,FSF1D0A,ENG1P0A,PPL1OFD,CGC1P0B,
student_g9_name_204,9,204,SNC1P0A,MFM1P0A,TIJ1O0D,AVI1O0C,FSF1D0A,ENG1P0A,PPL1OMA,CGC1P0B,
student_g9_name_205,9,205,SNC1P0A,MFM1P0A,SPARE,AVI1O0C,FSF1D0A,ENG1P0A,SPARE,CGC1P0B,
student_g9_name_206,9,206,SNC1P0A,MFM1P0A,HIF1O0A,AVI1O0C,FSF1D0A,ENG1P0A,PPL1OMA,CGC1P0B,
student_g9_name_207,9,207,SNC1P0A,MFM1P0A,PPL1OFA,TIJ1O0B,FSF1D0A,ENG1P0A,ADA1O0B,CGC1P0B,
student_g9_name_208,9,208,SNC1P0A,MFM1P0A,AMU1O0B,ENG1D0B,FSF1D0A,ENG1P0A,PPL1OMA,CGC1P0B,
student_g9_name_209,9,209,SNC1P0A,MFM1P0A,PPL1OFA,AVI1O0C,FSF1D0A,ENG1P0A,TIJ1O0A,CGC1P0B,
student_g9_name_210,9,210,SNC1P0A,MFM1P0A,HIF1O0A,AVI1O0C,FSF1D0A,ENG1P0A,PPL1OMA,CGC1P0B,
student_g9_name_211,9,211,SNC1P0A,MFM1P0A,SPARE,AVI1O0C,FSF1D0A,ENG1P0A,SPARE,CGC1P0B,
student_g9_name_212,9,212,SNC1P0A,MFM1P0A,TIJ1O0D,PPL1OMB,FSF1D0A,ENG1P0A,ADA1O0B,CGC1P0B,
student_g9_name_213,9,213,SNC1P0A,MFM1P0A,AMU1O0B,HIF1O0C,FSF1D0A,ENG1P0A,PPL1OFD,CGC1P0B,
student_g9_name_214,9,214,SNC1P0A,MFM1P0A,TIJ1O0D,AVI1O0C,FSF1D0A,ENG1P0A,PPL1OMA,CGC1P0B,
student_g9_name_215,9,215,SNC1P0A,MFM1P0A,PPL1OFA,AVI1O0C,FSF1D0A,ENG1P0A,TIJ1O0A,CGC1P0B,
student_g9_name_216,9,216,SNC1P0A,SPARE,SPARE,SPARE,FSF1D0A,ENG1P0A,SPARE,CGC1P0B,
student_g9_name_217,9,217,SNC1P0A,MFM1P0A,TIJ1O0D,BTT1O0A,FSF1D0A,ENG1P0A,ADA1O0B,CGC1P0B,
student_g9_name_218,9,218,SNC1P0A,MFM1P0A,AMU1O0B,BTT1O0A,FSF1P0A,ENG1P0A,TIJ1O0A,CGC1P0B,
student_g9_name_219,9,219,SNC1P0A,MFM1P0A,PPL1OFA,AVI1O0C,FSF1P0A,ENG1P0A,TIJ1O0A,CGC1P0B,
student_g9_name_220,9,220,SNC1P0A,MFM1P0A,TIJ1O0D,AVI1O0C,FSF1P0A,ENG1P0A,PPL1OMA,CGC1P0B,
student_g9_name_221,9,221,SNC1P0A,MFM1P0A,PPL1OFA,AVI1O0C,FSF1P0A,ENG1P0A,TIJ1O0A,CGC1P0B,
student_g9_name_222,9,222,SNC1P0A,MFM1P0A,TIJ1O0D,PPL1OMB,FSF1P0A,ENG1P0A,ADA1O0B,CGC1P0B,
student_g9_name_223,9,223,SNC1P0A,MFM1P0A,AMU1O0B,GLS1O0A,FSF1P0A,ENG1P0A,PPL1OFD,CGC1P0B,
student_g9_name_224,9,224,SNC1P0A,MFM1P0A,HIF1O0A,AVI1O0C,FSF1P0A,ENG1P0A,PPL1OMA,CGC1P0B,
student_g9_name_225,9,225,SNC1P0A,MFM1P0A,PPL1OFA,AVI1O0C,FSF1P0A,ENG1P0A,TIJ1O0A,CGC1P0B,
student_g9_name_226,9,226,SNC1P0A,MFM1P0A,HIF1O0A,ENG1D0A,FSF1P0A,AVI1O0E,PPL1OMA,CGC1P0B,
student_g9_name_227,9,227,SNC1P0A,MFM1P0A,PPL1OFA,ENG1D0A,FSF1P0A,TIJ1O0I,ADA1O0B,CGC1P0B,
student_g9_name_228,9,228,SNC1P0A,MFM1P0A,AMU1O0B,ENG1D0A,FSF1P0A,TIJ1O0I,PPL1OMA,CGC1P0B,
student_g9_name_229,9,229,SNC1P0A,MFM1P0A,PPL1OFA,SPARE,FSF1P0A,AVI1O0E,SPARE,CGC1P0B,
student_g9_name_230,9,230,SNC1P0A,MFM1P0A,TIJ1O0D,ENG1D0A,FSF1P0A,AVI1O0E,PPL1OMA,CGC1P0B,
student_g9_name_231,9,231,SNC1P0A,MFM1P0A,PPL1OFA,SPARE,FSF1P0A,AVI1O0E,SPARE,CGC1P0B,
student_g9_name_232,9,232,SNC1P0A,MFM1P0A,HIF1O0A,SPARE,FSF1P0A,SPARE,ADA1O0B,CGC1P0B,
student_g9_name_233,9,233,SNC1P0A,MFM1P0A,AMU1O0B,SPARE,FSF1P0A,SPARE,TIJ1O0A,CGC1P0B,
student_g9_name_234,9,234,SNC1P0A,MFM1P0A,ENG1D0A,SPARE,FSF1P0A,AVI1O0E,SPARE,CGC1P0B,
student_g9_name_235,9,235,SNC1P0A,MFM1P0A,PPL1OFA,ENG1D0A,FSF1P0A,AVI1O0E,TIJ1O0A,CGC1P0B,
student_g9_name_236,9,236,SNC1P0A,MFM1P0A,HIF1O0A,ENG1D0A,FSF1P0A,AVI1O0E,PPL1OMA,CGC1P0B,
student_g9_name_237,9,237,SNC1P0A,MFM1P0A,PPL1OFA,SPARE,FSF1P0A,SPARE,ADA1O0B,CGC1P0B,
student_g9_name_238,9,238,SNC1P0A,MFM1P0A,AMU1O0B,ENG1D0A,FSF1P0A,TIJ1O0I,PPL1OMA,CGC1P0B,
student_g9_name_239,9,239,SNC1P0A,MFM1P0A,PPL1OFA,SPARE,FSF1P0A,AVI1O0E,SPARE,CGC1P0B,
student_g9_name_240,9,240,SNC1P0A,MFM1P0A,TIJ1O0D,ENG1D0A,FSF1P0A,AVI1O0E,PPL1OMA,CGC1P0B,
student_g9_name_241,9,241,SNC1P0A,MFM1P0A,PPL1OFA,ENG1D0A,FSF1P0A,AVI1O0E,TIJ1O0A,CGC1P0B,
student_g9_name_242,9,242,SNC1P0A,MFM1P0A,ENG2D0A,ENG1D0A,FSF1P0A,PPL1OMF,ADA1O0B,CGC1P0B,
student_g9_name_243,9,243,SNC1P0A,MFM1P0A,AMU1O0B,SPARE,FSF1P0A,SPARE,PPL1OFD,CGC1P0B,
student_g9_name_244,9,244,TIJ1O0E,MFM1P0A,AVI1O0F,ENG1D0A,FSF1P0A,SNC1D0A,PPL1OMA,CGC1P0B,
student_g9_name_245,9,245,PPL1OFC,MFM1P0A,AVI1O0F,SPARE,FSF1P0A,SNC1D0A,SPARE,CGC1P0B,
student_g9_name_246,9,246,TIJ1O0E,MFM1P0A,AVI1O0F,ENG1D0A,FSF1P0A,SNC1D0A,PPL1OMA,CGC1P0B,
student_g9_name_247,9,247,TIJ1O0E,MFM1P0A,PPL1OFA,ENG1D0A,FSF1P0A,SNC1D0A,ADA1O0B,CGC1P0B,
student_g9_name_248,9,248,SPARE,MFM1P0A,AMU1O0B,SPARE,FSF1P0A,SNC1D0A,SPARE,CGC1P0B,
student_g9_name_249,9,249,SPARE,MFM1P0A,AVI1O0F,ENG1D0A,FSF1P0A,SNC1D0A,TIJ1O0A,CGC1P0B,
student_g9_name_250,9,250,SPARE,MFM1P0A,AVI1O0F,SPARE,FSF1P0A,SNC1D0A,SPARE,CGC1P0B,
Student_g10_name_251,10,251,TCJ2O0C,MFM2P0A,ADA2O0C,CHV2O0B,CHC2P0A,ENG2P0B,SNC2P0C,AVI2O0B,
Student_g10_name_252,10,252,PPL2OFD,MFM2P0A,BBI2O0C,CHV2O0B,CHC2P0A,SPARE,SNC2P0C,SPARE,
Student_g10_name_253,10,253,PPL2OFD,BBI2O0B,CHC2D0A,CHV2O0B,MPM2D0A,ENG2D0A,SNC2D0A,AVI2O0B,
Student_g10_name_254,10,254,ADA2O0A,BBI2O0B,CHC2D0A,CHV2O0B,MPM2D0A,SPARE,SNC2D0A,SPARE,
Student_g10_name_255,10,255,TCJ2O0C,MFM2P0A,CHC2D0A,CHV2O0B,PPL2OMD,ENG2D0A,SNC2D0A,AMI2O0B,
Student_g10_name_256,10,256,SPARE,ENG2P0A,PPL2OMA,MAT2L0A,CHC2P0A,SNC2P0A,CHV2O0A,SPARE,
Student_g10_name_257,10,257,ADA2O0A,ENG2P0A,CHC2P0B,CHV2O0B,MPM2D0A,TTJ2O0D,SNC2D0A,PPL2OFE,
Student_g10_name_258,10,258,TCJ2O0C,TEJ2O0A,CHC2D0A,CHV2O0B,MPM2D0A,SPARE,SNC2D0A,SPARE,
Student_g10_name_259,10,259,ADA2O0A,SNC2P0B,CHC2D0A,ASM2O0B,MPM2D0A,ENG2D0A,SPARE,SPARE,
Student_g10_name_260,10,260,ESLA-DB,SPARE,CHC2D0A,CHV2O0B,SPARE,ENG2D0A,SPARE,SPARE,
Student_g10_name_261,10,261,ADA2O0A,SPARE,CHC2P0B,ASM2O0B,MPM2D0A,SNC2P0A,CHV2O0A,SPARE,
Student_g10_name_262,10,262,AMU2O0A,MFM2P0A,SPARE,SPARE,CHC2P0A,SPARE,SNC2P0C,SPARE,
Student_g10_name_263,10,263,ADA2O0A,PPL2OMB,CHC2D0A,SPARE,SPARE,ENG2D0A,SNC2D0A,TGJ2O0A,
Student_g10_name_264,10,264,PPL2OFD,TCJ2O0B,CHC2D0A,CHV2O0B,MPM2D0A,SPARE,SNC2D0A,SPARE,
Student_g10_name_265,10,265,PPL2OFD,MFM2P0A,BBI2O0C,CHV2O0B,CHC2P0A,ENG2D0A,SNC2P0C,SPARE,
Student_g10_name_266,10,266,ADA2O0A,SPARE,CHV2O0C,MAT2L0A,CHC2P0A,AMI2O0A,SNC2D0A,SPARE,
Student_g10_name_267,10,267,ADA2O0A,ENG2P0A,CHC2D0A,CHV2O0B,MPM2D0A,ENG2D0A,SNC2D0A,AMI2O0B,
Student_g10_name_268,10,268,PPL2OFD,SNC2P0B,CHC2D0A,AVI2O0A,MPM2D0A,SPARE,CHV2O0A,SPARE,
Student_g10_name_269,10,269,SPARE,PPL2OFB,CHC2P0B,CHV2O0B,MPM2D0A,ENG2D0A,SNC2D0A,AVI2O0B,
Student_g10_name_270,10,270,TTJ2O0B,MFM2P0A,CHC2D0A,CHV2O0B,GLC2O0A,SPARE,SNC2D0A,SPARE,
Student_g10_name_271,10,271,SPARE,TEJ2O0A,CHC2D0A,CHV2O0B,MPM2D0A,ENG2D0A,SNC2D0A,AMI2O0B,
Student_g10_name_272,10,272,ADA2O0A,MFM2P0A,CHC2D0A,CHV2O0B,SPARE,ENG2P0B,SPARE,AVI2O0B,
Student_g10_name_273,10,273,SPARE,PPL2OFB,CHC2P0B,CHV2O0B,MPM2D0A,ENG2D0A,SNC2D0A,AMI2O0B,
Student_g10_name_274,10,274,ADA2O0A,ENG2P0A,CHC2P0B,CHV2O0B,MPM2D0A,ENG2D0A,SNC2D0A,AMI2O0B,
Student_g10_name_275,10,275,ESLA-DB,SPARE,CHC2D0A,CHV2O0B,PPL2OFA,ENG2D0A,SNC2P0C,SPARE,
Student_g10_name_276,10,276,PPL2OFD,ENG2P0A,CHC2D0A,MAT2L0A,CHV2OLA,SNC2P0A,SPARE,AVI2O0B,
Student_g10_name_277,10,277,ADA2O0A,SPARE,CHC2D0A,TEJ2O0B,MPM2D0A,SNC2P0A,CHV2O0A,SPARE,
Student_g10_name_278,10,278,PPL2OFD,SNC2P0B,CHC2P0B,TTJ2O0A,MPM2D0A,ENG2D0A,CHV2O0A,TGJ2O0A,
Student_g10_name_279,10,279,SPARE,PPL2OMB,CHC2P0B,CHV2O0B,MPM2D0A,ENG2D0A,SNC2D0A,AVI2O0B,
Student_g10_name_280,10,280,TCJ2O0C,SPARE,SPARE,CHV2O0B,SPARE,ENG2D0A,SNC2D0A,SPARE,
Student_g10_name_281,10,281,ADA2O0A,ENG2P0A,CHC2D0A,SPARE,MPM2D0A,SNC2P0A,CHV2O0A,AMI2O0B,
Student_g10_name_282,10,282,ESLA-DB,MFM2P0A,SPARE,SPARE,CHC2P0A,ENG2P0B,SNC2D0A,TGJ2O0A,
Student_g10_name_283,10,283,PPL2OFD,TEJ2O0A,CHC2P0B,CHV2O0B,MPM2D0A,ENG2D0A,SNC2D0A,AMI2O0B,
Student_g10_name_284,10,284,PPL2OFD,SNC2P0B,CHC2D0A,TTJ2O0A,SPARE,ENG2D0A,CHV2O0A,SPARE,
Student_g10_name_285,10,285,TTJ2O0B,MFM2P0A,CHC2D0A,CHV2O0B,SPARE,ENG2D0A,SNC2D0A,ADA2O0B,
Student_g10_name_286,10,286,ADA2O0A,ENG2P0A,CHV2O0C,MAT2L0A,CHC2P0A,PPL2OFC,SNC2D0A,AMI2O0B,
Student_g10_name_287,10,287,ADA2O0A,ESLA-DA,CHC2D0A,CHV2O0B,MPM2D0A,SPARE,SNC2D0A,SPARE,
Student_g10_name_288,10,288,AMU2O0A,SNC2P0B,CHC2D0A,TCJ2O0A,SPARE,ENG2D0A,CHV2O0A,SPARE,
Student_g10_name_289,10,289,ADA2O0A,SPARE,CHC2D0A,AVI2O0A,SPARE,ENG2D0A,SNC2D0A,AMI2O0B,
Student_g10_name_290,10,290,TCJ2O0C,MFM2P0A,BBI2O0C,CHV2O0B,CHC2P0A,ENG2D0A,SNC2D0A,TGJ2O0A,
Student_g10_name_291,10,291,AMU2O0A,SNC2P0B,CHC2P0B,SPARE,SPARE,SPARE,CHV2O0A,SPARE,
Student_g10_name_292,10,292,TCJ2O0C,MFM2P0A,CHC2D0A,CHV2O0B,PPL2OFA,ENG2P0B,SNC2P0C,SPARE,
Student_g10_name_293,10,293,PPL2OFD,SNC2P0B,CHC2D0A,TEJ2O0B,MPM2D0A,SPARE,CHV2O0A,SPARE,
Student_g10_name_294,10,294,PPL2OFD,SNC2P0B,CHC2D0A,TEJ2O0B,MPM2D0A,ENG2D0A,CHV2O0A,AMI2O0B,
Student_g10_name_295,10,295,SPARE,MFM2P0A,PPL2OMA,CHV2O0B,CHC2P0A,ENG2D0A,SNC2D0A,AVI2O0B,
Student_g10_name_296,10,296,TCJ2O0C,SPARE,SPARE,MAT2L0A,CHC2P0A,SPARE,SNC2D0A,SPARE,
Student_g10_name_297,10,297,ESLA-DB,ENG2P0A,CHC2D0A,TCJ2O0A,MPM2D0A,SNC2P0A,CHV2O0A,PPL2OFE,
Student_g10_name_298,10,298,SPARE,TCJ2O0B,CHC2D0A,CHV2O0B,SPARE,ENG2D0A,SNC2D0A,SPARE,
Student_g10_name_299,10,299,TCJ2O0C,BBI2O0B,CHC2P0B,CHV2O0B,SPARE,ENG2D0A,SNC2D0A,SPARE,
Student_g10_name_300,10,300,SPARE,MFM2P0A,BBI2O0C,CHV2O0B,CHC2P0A,ENG2D0A,SNC2P0C,AMI2O0B,
Student_g10_name_301,10,301,TCJ2O0C,ENG2P0A,CHC2D0A,CHV2O0B,MPM2D0A,BBI2O0A,SNC2D0A,PPL2OFE,
Student_g10_name_302,10,302,PPL2OFD,SPARE,CHC2D0A,AVI2O0A,CHV2OLA,ENG2P0B,SNC2D0A,SPARE,
Student_g10_name_303,10,303,TTJ2O0B,PPL2OMB,CHC2P0B,CHV2O0B,MPM2D0A,SPARE,SNC2D0A,SPARE,
Student_g10_name_304,10,304,SPARE,SNC2P0B,CHC2D0A,TTJ2O0A,MPM2D0A,SPARE,CHV2O0A,SPARE,
Student_g10_name_305,10,305,ADA2O0A,SPARE,CHC2D0A,CHV2O0B,PPL2OFA,ENG2D0A,SNC2D0A,SPARE,
Student_g10_name_306,10,306,PPL2OFD,ENG2P0A,CHC2D0A,MAT2L0A,TEJ2O0C,BBI2O0A,SNC2D0A,CHV2O0D,
Student_g10_name_307,10,307,ESLA-DB,SNC2P0B,CHC2P0B,AVI2O0A,MPM2D0A,ENG2D0A,CHV2O0A,PPL2OFE,
Student_g10_name_308,10,308,ESLA-DB,SNC2P0B,CHC2P0B,AVI2O0A,MPM2D0A,SPARE,CHV2O0A,SPARE,
Student_g10_name_309,10,309,SPARE,SNC2P0B,CHC2D0A,TEJ2O0B,MPM2D0A,ENG2D0A,CHV2O0A,SPARE,
Student_g10_name_310,10,310,ADA2O0A,MFM2P0A,CHC2D0A,CHV2O0B,TEJ2O0C,SPARE,SNC2P0C,SPARE,
Student_g10_name_311,10,311,SPARE,SPARE,CHC2D0A,CHV2O0B,SPARE,ENG2D0A,SNC2D0A,TGJ2O0A,
Student_g10_name_312,10,312,PPL2OFD,MFM2P0A,SPARE,SPARE,CHC2P0A,ENG2P0B,SNC2D0A,TGJ2O0A,
Student_g10_name_313,10,313,ADA2O0A,SNC2P0B,CHC2P0B,TTJ2O0A,SPARE,ENG2D0A,CHV2O0A,SPARE,
Student_g10_name_314,10,314,TTJ2O0B,TEJ2O0A,CHC2D0A,CHV2O0B,SPARE,ENG2D0A,SNC2D0A,SPARE,
Student_g10_name_315,10,315,SPARE,MFM2P0A,CHC2D0A,TCJ2O0A,CHV2OLA,ENG2D0A,SNC2D0A,TGJ2O0A,
Student_g10_name_316,10,316,TCJ2O0C,ENG2P0A,BBI2O0C,MAT2L0A,CHC2P0A,SNC2P0A,CHV2O0A,ADA2O0B,
Student_g10_name_317,10,317,TTJ2O0B,SPARE,CHC2P0B,SPARE,MPM2D0A,SPARE,SNC2D0A,SPARE,
Student_g10_name_318,10,318,SPARE,TEJ2O0A,CHC2D0A,CHV2O0B,SPARE,ENG2D0A,SNC2D0A,SPARE,
Student_g10_name_319,10,319,ADA2O0A,BBI2O0B,CHC2D0A,CHV2O0B,MPM2D0A,ENG2D0A,SNC2D0A,AMI2O0B,
Student_g10_name_320,10,320,ESLA-DB,MFM2P0A,SPARE,CHV2O0B,CHC2P0A,SPARE,SNC2P0C,AMI2O0B,
Student_g10_name_321,10,321,SPARE,ENG2P0A,CHC2D0A,CHV2O0B,SPARE,PPL2OFC,SNC2D0A,SPARE,
Student_g10_name_322,10,322,TCJ2O0C,MFM2P0A,CHC2D0A,CHV2O0B,PPL2OFA,SPARE,SNC2D0A,SPARE,
Student_g10_name_323,10,323,ADA2O0A,SNC2P0B,CHC2D0A,TEJ2O0B,MPM2D0A,SPARE,CHV2O0A,SPARE,
Student_g10_name_324,10,324,PPL2OFD,SNC2P0B,CHC2P0B,TCJ2O0A,MPM2D0A,SPARE,CHV2O0A,SPARE,
Student_g10_name_325,10,325,PPL2OFD,MFM2P0A,SPARE,SPARE,SPARE,ENG2D0A,SNC2P0C,SPARE,
Student_g10_name_326,10,326,ESLA-DB,ENG2P0A,CHC2D0A,MAT2L0A,PPL2OMD,SNC2P0A,CHV2O0A,SPARE,
Student_g10_name_327,10,327,PPL2OFD,ESLA-DA,CHC2D0A,CHV2O0B,MPM2D0A,SPARE,SNC2D0A,SPARE,
Student_g10_name_328,10,328,SPARE,PPL2OFB,CHC2D0A,TTJ2O0A,SPARE,ENG2D0A,SNC2D0A,SPARE,
Student_g10_name_329,10,329,ADA2O0A,SNC2P0B,CHC2P0B,TEJ2O0B,SPARE,ENG2D0A,CHV2O0A,SPARE,
Student_g10_name_330,10,330,PPL2OFD,MFM2P0A,PPL2OMA,CHV2O0B,CHC2P0A,ENG2D0A,SNC2D0A,AVI2O0B,
Student_g10_name_331,10,331,PPL2OFD,PPL2OMB,CHC2D0A,CHV2O0B,SPARE,ENG2D0A,SNC2D0A,SPARE,
Student_g10_name_332,10,332,ESLA-DB,MFM2P0A,CHC2D0A,CHV2O0B,PPL2OFA,ENG2P0B,SNC2P0C,TGJ2O0A,
Student_g10_name_333,10,333,PPL2OFD,ESLA-DA,CHC2P0B,CHV2O0B,MPM2D0A,SPARE,SNC2D0A,SPARE,
Student_g10_name_334,10,334,AMU2O0A,ENG2P0A,CHC2P0B,CHV2O0B,MPM2D0A,ENG2D0A,SNC2D0A,AVI2O0B,
Student_g10_name_335,10,335,SPARE,MFM2P0A,CHC2D0A,CHV2O0B,PPL2OFA,ENG2D0A,SNC2D0A,AMI2O0B,
Student_g10_name_336,10,336,ESLA-DB,ENG2P0A,CHC2D0A,SPARE,SPARE,SNC2P0A,CHV2O0A,AVI2O0B,
Student_g10_name_337,10,337,TTJ2O0B,ENG2P0A,CHC2P0B,CHV2O0B,MPM2D0A,BBI2O0A,SNC2D0A,PPL2OFE,
Student_g10_name_338,10,338,ADA2O0A,PPL2OFB,CHC2D0A,CHV2O0B,MPM2D0A,ENG2D0A,SNC2D0A,TGJ2O0A,
Student_g10_name_339,10,339,ADA2O0A,SNC2P0B,CHC2D0A,TTJ2O0A,MPM2D0A,ENG2D0A,CHV2O0A,AMI2O0B,
Student_g10_name_340,10,340,TCJ2O0C,MFM2P0A,CHC2D0A,CHV2O0B,SPARE,ENG2D0A,SNC2P0C,SPARE,
Student_g10_name_341,10,341,ADA2O0A,ENG2P0A,CHC2P0B,SPARE,SPARE,SNC2P0A,SPARE,SPARE,
Student_g10_name_342,10,342,SPARE,MFM2P0A,PPL2OMA,CHV2O0B,CHC2P0A,ENG2P0B,SNC2P0C,TGJ2O0A,
Student_g10_name_343,10,343,SPARE,PPL2OMB,CHC2D0A,CHV2O0B,SPARE,ENG2D0A,SNC2D0A,SPARE,
Student_g10_name_344,10,344,AMU2O0A,TEJ2O0A,CHC2D0A,CHV2O0B,MPM2D0A,ENG2D0A,SNC2D0A,TGJ2O0A,
Student_g10_name_345,10,345,AMU2O0A,MFM2P0A,CHC2D0A,CHV2O0B,PPL2OFA,ENG2D0A,SNC2P0C,ADA2O0B,
Student_g10_name_346,10,346,TTJ2O0B,SPARE,CHV2O0C,MAT2L0A,CHC2P0A,BBI2O0A,SNC2D0A,SPARE,
Student_g10_name_347,10,347,SPARE,PPL2OFB,CHC2P0B,CHV2O0B,MPM2D0A,ENG2D0A,SNC2D0A,TGJ2O0A,
Student_g10_name_348,10,348,SPARE,SNC2P0B,CHC2D0A,TEJ2O0B,SPARE,ENG2D0A,CHV2O0A,SPARE,
Student_g10_name_349,10,349,ADA2O0A,ESLA-DA,CHC2D0A,CHV2O0B,SPARE,ENG2D0A,SNC2D0A,SPARE,
Student_g10_name_350,10,350,PPL2OFD,SPARE,BBI2O0C,CHV2O0B,CHC2P0A,ENG2D0A,SNC2D0A,SPARE,
Student_g10_name_351,10,351,ADA2O0A,ENG2P0A,CHC2P0B,CHV2O0B,MPM2D0A,ENG2D0A,SNC2D0A,AVI2O0B,
Student_g10_name_352,10,352,ESLA-DB,SPARE,CHC2D0A,CHV2O0B,PPL2OFA,ENG2P0B,SNC2P0C,SPARE,
Student_g10_name_353,10,353,ADA2O0A,BBI2O0B,CHC2D0A,CHV2O0B,SPARE,ENG2D0A,SNC2D0A,SPARE,
Student_g10_name_354,10,354,AMU2O0A,PPL2OMB,CHC2P0B,SPARE,SPARE,SPARE,SNC2D0A,SPARE,
Student_g10_name_355,10,355,TTJ2O0B,SPARE,CHC2D0A,CHV2O0B,PPL2OFA,ENG2D0A,SNC2P0C,SPARE,
Student_g10_name_356,10,356,SPARE,ENG2P0A,CHC2D0A,MAT2L0A,TEJ2O0C,SNC2P0A,CHV2O0A,TGJ2O0A,
Student_g10_name_357,10,357,TCJ2O0C,SPARE,CHC2D0A,AVI2O0A,MPM2D0A,SNC2P0A,CHV2O0A,SPARE,
Student_g10_name_358,10,358,ADA2O0A,SNC2P0B,CHC2P0B,TTJ2O0A,MPM2D0A,ENG2D0A,CHV2O0A,PPL2OFE,
Student_g10_name_359,10,359,AMU2O0A,TCJ2O0B,CHC2P0B,CHV2O0B,MPM2D0A,ENG2D0A,SNC2D0A,TGJ2O0A,
Student_g10_name_360,10,360,TTJ2O0B,MFM2P0A,SPARE,CHV2O0B,SPARE,ENG2D0A,SNC2D0A,ADA2O0B,
Student_g10_name_361,10,361,ESLA-DB,SPARE,CHC2D0A,TTJ2O0A,MPM2D0A,SNC2P0A,CHV2O0A,SPARE,
Student_g10_name_362,10,362,ADA2O0A,MFM2P0A,CHC2D0A,CHV2O0B,GLC2O0A,ENG2P0B,SNC2D0A,TGJ2O0A,
Student_g10_name_363,10,363,AMU2O0A,BBI2O0B,CHC2P0B,CHV2O0B,MPM2D0A,ENG2D0A,SNC2D0A,TGJ2O0A,
Student_g10_name_364,10,364,PPL2OFD,SNC2P0B,CHC2P0B,TCJ2O0A,MPM2D0A,SPARE,CHV2O0A,SPARE,
Student_g10_name_365,10,365,TCJ2O0C,MFM2P0A,CHC2D0A,CHV2O0B,TEJ2O0C,SPARE,SNC2D0A,SPARE,
Student_g10_name_366,10,366,TTJ2O0B,ENG2P0A,CHC2D0A,MAT2L0A,TEJ2O0C,SPARE,SNC2D0A,SPARE,
Student_g10_name_367,10,367,ADA2O0A,PPL2OMB,CHC2P0B,TEJ2O0B,SPARE,ENG2D0A,SNC2D0A,SPARE,
Student_g10_name_368,10,368,TTJ2O0B,SNC2P0B,CHC2P0B,TCJ2O0A,SPARE,ENG2D0A,CHV2O0A,SPARE,
Student_g10_name_369,10,369,TTJ2O0B,PPL2OFB,CHC2D0A,CHV2O0B,SPARE,ENG2D0A,SNC2D0A,SPARE,
Student_g10_name_370,10,370,SPARE,MFM2P0A,CHC2D0A,CHV2O0B,AVI2O0C,ENG2D0A,SNC2D0A,TGJ2O0A,
Student_g10_name_371,10,371,ADA2O0A,SNC2P0B,CHC2P0B,TEJ2O0B,SPARE,ENG2D0A,CHV2O0A,SPARE,
Student_g10_name_372,10,372,AMU2O0A,SPARE,CHC2D0A,CHV2O0B,TEJ2O0C,ENG2P0B,SNC2P0C,SPARE,
Student_g10_name_373,10,373,PPL2OFD,SNC2P0B,CHC2D0A,TEJ2O0B,MPM2D0A,SPARE,CHV2O0A,SPARE,
Student_g10_name_374,10,374,ADA2O0A,SNC2P0B,CHC2D0A,SPARE,MPM2D0A,SPARE,CHV2O0A,PPL2OFE,
Student_g10_name_375,10,375,PPL2OFD,MFM2P0A,SPARE,SPARE,CHC2P0A,ENG2D0A,SNC2D0A,AMI2O0B,
Student_g10_name_376,10,376,TTJ2O0B,SPARE,SPARE,MAT2L0A,CHC2P0A,SPARE,SNC2D0A,SPARE,
Student_g10_name_377,10,377,ADA2O0A,SPARE,CHC2D0A,TTJ2O0A,MPM2D0A,SNC2P0A,CHV2O0A,SPARE,
Student_g10_name_378,10,378,TTJ2O0B,ESLA-DA,CHC2D0A,CHV2O0B,SPARE,ENG2D0A,SNC2D0A,SPARE,
Student_g10_name_379,10,379,SPARE,BBI2O0B,CHC2D0A,CHV2O0B,MPM2D0A,ENG2D0A,SNC2D0A,TGJ2O0A,
Student_g10_name_380,10,380,PPL2OFD,MFM2P0A,PPL2OMA,SPARE,SPARE,ENG2D0A,SNC2P0C,ADA2O0B,
Student_g10_name_381,10,381,TCJ2O0C,ENG2P0A,CHC2P0B,CHV2O0B,MPM2D0A,ASM2O0A,SNC2D0A,TGJ2O0A,
Student_g10_name_382,10,382,TTJ2O0B,SPARE,SPARE,CHV2O0B,SPARE,ENG2P0B,SNC2D0A,SPARE,
Student_g10_name_383,10,383,TTJ2O0B,PPL2OMB,CHC2D0A,CHV2O0B,MPM2D0A,ENG2D0A,SNC2D0A,AVI2O0B,
Student_g10_name_384,10,384,TCJ2O0C,SNC2P0B,CHC2P0B,TEJ2O0B,MPM2D0A,SPARE,CHV2O0A,SPARE,
Student_g10_name_385,10,385,SPARE,MFM2P0A,BBI2O0C,CHV2O0B,CHC2P0A,ENG2D0A,SNC2D0A,TGJ2O0A,
Student_g10_name_386,10,386,ADA2O0A,ENG2P0A,CHC2D0A,SPARE,SPARE,TTJ2O0D,SNC2D0A,CHV2O0D,
Student_g10_name_387,10,387,SPARE,SNC2P0B,CHC2D0A,TEJ2O0B,SPARE,ENG2D0A,CHV2O0A,SPARE,
Student_g10_name_388,10,388,SPARE,SNC2P0B,CHC2P0B,TCJ2O0A,MPM2D0A,ENG2D0A,CHV2O0A,AMI2O0B,
Student_g10_name_389,10,389,ADA2O0A,SNC2P0B,CHC2D0A,TCJ2O0A,SPARE,ENG2D0A,CHV2O0A,SPARE,
Student_g10_name_390,10,390,TCJ2O0C,MFM2P0A,CHC2D0A,CHV2O0B,TEJ2O0C,ENG2D0A,SNC2P0C,PPL2OFE,
Student_g10_name_391,10,391,TTJ2O0B,TCJ2O0B,CHC2D0A,CHV2O0B,MPM2D0A,ENG2D0A,SNC2D0A,AVI2O0B,
Student_g10_name_392,10,392,ADA2O0A,MFM2P0A,BBI2O0C,CHV2O0B,CHC2P0A,ENG2P0B,SNC2D0A,AVI2O0B,
Student_g10_name_393,10,393,AMU2O0A,SPARE,CHC2P0B,ASM2O0B,SPARE,ENG2D0A,SPARE,SPARE,
Student_g10_name_394,10,394,ADA2O0A,TCJ2O0B,CHC2D0A,CHV2O0B,MPM2D0A,SPARE,SNC2D0A,SPARE,
Student_g10_name_395,10,395,TTJ2O0B,SPARE,CHC2D0A,CHV2O0B,TEJ2O0C,ENG2D0A,SNC2D0A,SPARE,
Student_g10_name_396,10,396,ESLA-DB,SPARE,CHC2D0A,MAT2L0A,PPL2OMD,SNC2P0A,CHV2O0A,SPARE,
Student_g10_name_397,10,397,SPARE,ENG2P0A,CHC2P0B,CHV2O0B,SPARE,PPL2OFC,SNC2D0A,SPARE,
Student_g10_name_398,10,398,SPARE,PPL2OMB,CHC2P0B,CHV2O0B,MPM2D0A,ENG2D0A,SNC2D0A,AVI2O0B,
Student_g10_name_399,10,399,SPARE,BBI2O0B,CHC2D0A,CHV2O0B,SPARE,ENG2D0A,SNC2D0A,SPARE,
Student_g10_name_400,10,400,TCJ2O0C,MFM2P0A,CHC2D0A,CHV2O0B,PPL2OFA,SPARE,SNC2P0C,SPARE,
Student_g10_name_401,10,401,AMU2O0A,ENG2P0A,CHC2P0B,CHV2O0B,SPARE,SPARE,SNC2D0A,AVI2O0B,
Student_g10_name_402,10,402,PPL2OFD,MFM2P0A,SPARE,CHV2O0B,CHC2P0A,ENG2P0B,SPARE,AVI2O0B,
Student_g10_name_403,10,403,ESLA-DB,SNC2P0B,CHC2D0A,TTJ2O0A,SPARE,ENG2D0A,CHV2O0A,SPARE,
Student_g10_name_404,10,404,SPARE,SNC2P0B,CHC2D0A,TEJ2O0B,MPM2D0A,ENG2D0A,CHV2O0A,TGJ2O0A,
Student_g10_name_405,10,405,TTJ2O0B,MFM2P0A,SPARE,SPARE,CHC2P0A,ENG2D0A,SNC2P0C,TGJ2O0A,
Student_g10_name_406,10,406,AMU2O0A,ENG2P0A,SPARE,MAT2L0A,CHV2OLA,SNC2P0A,SPARE,AVI2O0B,
Student_g10_name_407,10,407,TTJ2O0B,PPL2OMB,CHC2D0A,CHV2O0B,SPARE,ENG2D0A,SNC2D0A,SPARE,
Student_g10_name_408,10,408,PPL2OFD,PPL2OMB,CHC2D0A,CHV2O0B,MPM2D0A,SPARE,SNC2D0A,SPARE,
Student_g10_name_409,10,409,ADA2O0A,SNC2P0B,CHC2P0B,AVI2O0A,SPARE,ENG2D0A,CHV2O0A,SPARE,
Student_g10_name_410,10,410,SPARE,SPARE,BBI2O0C,CHV2O0B,CHC2P0A,ENG2D0A,SNC2D0A,SPARE,
Student_g10_name_411,10,411,SPARE,PPL2OFB,CHC2D0A,CHV2O0B,MPM2D0A,ENG2D0A,SNC2D0A,AMI2O0B,
Student_g10_name_412,10,412,ADA2O0A,MFM2P0A,CHC2D0A,CHV2O0B,SPARE,ENG2P0B,SPARE,AVI2O0B,
Student_g10_name_413,10,413,SPARE,BBI2O0B,CHC2D0A,CHV2O0B,MPM2D0A,ENG2D0A,SNC2D0A,AVI2O0B,
Student_g10_name_414,10,414,ADA2O0A,PPL2OFB,CHC2P0B,CHV2O0B,MPM2D0A,ENG2D0A,SNC2D0A,TGJ2O0A,
Student_g10_name_415,10,415,SPARE,SPARE,BBI2O0C,CHV2O0B,CHC2P0A,ENG2D0A,SNC2D0A,SPARE,
Student_g10_name_416,10,416,TTJ2O0B,SPARE,CHC2D0A,MAT2L0A,SPARE,SPARE,CHV2O0A,SPARE,
Student_g10_name_417,10,417,TTJ2O0B,ENG2P0A,CHC2D0A,CHV2O0B,MPM2D0A,BBI2O0A,SNC2D0A,AVI2O0B,
Student_g10_name_418,10,418,PPL2OFD,TEJ2O0A,CHC2P0B,CHV2O0B,MPM2D0A,ENG2D0A,SNC2D0A,TGJ2O0A,
Student_g10_name_419,10,419,AMU2O0A,SNC2P0B,CHC2P0B,TTJ2O0A,MPM2D0A,ENG2D0A,SPARE,PPL2OFE,
Student_g10_name_420,10,420,TTJ2O0B,SPARE,CHC2D0A,CHV2O0B,PPL2OFA,ENG2D0A,SNC2P0C,SPARE,
Student_g10_name_421,10,421,ESLA-DB,ENG2P0A,CHC2D0A,TTJ2O0A,SPARE,SNC2P0A,CHV2O0A,SPARE,
Student_g10_name_422,10,422,TCJ2O0C,MFM2P0A,SPARE,CHV2O0B,SPARE,ENG2P0B,SNC2P0C,AMI2O0B,
Student_g10_name_423,10,423,TTJ2O0B,TEJ2O0A,CHC2D0A,CHV2O0B,MPM2D0A,SPARE,SNC2D0A,SPARE,
Student_g10_name_424,10,424,ADA2O0A,BBI2O0B,CHC2D0A,CHV2O0B,SPARE,ENG2D0A,SNC2D0A,SPARE,
Student_g10_name_425,10,425,ADA2O0A,MFM2P0A,CHC2D0A,CHV2O0B,SPARE,ENG2D0A,SPARE,AMI2O0B,
Student_g10_name_426,10,426,SPARE,SPARE,SPARE,MAT2L0A,CHC2P0A,SPARE,SNC2D0A,SPARE,
Student_g10_name_427,10,427,TTJ2O0B,TEJ2O0A,CHC2P0B,CHV2O0B,MPM2D0A,ENG2D0A,SNC2D0A,PPL2OFE,
Student_g10_name_428,10,428,PPL2OFD,SNC2P0B,CHC2D0A,TTJ2O0A,SPARE,ENG2D0A,CHV2O0A,SPARE,
Student_g10_name_429,10,429,PPL2OFD,TEJ2O0A,CHC2D0A,CHV2O0B,MPM2D0A,SPARE,SNC2D0A,SPARE,
Student_g10_name_430,10,430,ADA2O0A,MFM2P0A,CHC2D0A,CHV2O0B,PPL2OFA,ENG2D0A,SNC2D0A,TGJ2O0A,
Student_g10_name_431,10,431,SPARE,PPL2OMB,CHC2P0B,CHV2O0B,MPM2D0A,ENG2D0A,SNC2D0A,AMI2O0B,
Student_g10_name_432,10,432,SPARE,MFM2P0A,BBI2O0C,SPARE,SPARE,ENG2P0B,SNC2P0C,SPARE,
Student_g10_name_433,10,433,TTJ2O0B,TCJ2O0B,CHC2D0A,CHV2O0B,MPM2D0A,ENG2D0A,SNC2D0A,AVI2O0B,
Student_g10_name_434,10,434,ADA2O0A,ESLA-DA,CHC2D0A,CHV2O0B,SPARE,ENG2D0A,SNC2D0A,SPARE,
Student_g10_name_435,10,435,TTJ2O0B,SPARE,PPL2OMA,CHV2O0B,CHC2P0A,ENG2D0A,SNC2P0C,SPARE,
Student_g10_name_436,10,436,ESLA-DB,ENG2P0A,SPARE,MAT2L0A,CHC2P0A,SPARE,CHV2O0A,PPL2OFE,
Student_g10_name_437,10,437,PPL2OFD,ENG2P0A,CHC2D0A,TTJ2O0A,SPARE,SNC2P0A,CHV2O0A,SPARE,
Student_g10_name_438,10,438,ESLA-DB,SNC2P0B,SPARE,SPARE,MPM2D0A,ENG2D0A,CHV2O0A,TGJ2O0A,
Student_g10_name_439,10,439,SPARE,PPL2OMB,CHC2P0B,CHV2O0B,MPM2D0A,ENG2D0A,SNC2D0A,TGJ2O0A,
Student_g10_name_440,10,440,ESLA-DB,MFM2P0A,CHC2D0A,CHV2O0B,GLC2O0A,ENG2D0A,SNC2D0A,ADA2O0B,
Student_g10_name_441,10,441,SPARE,ENG2P0A,CHC2D0A,TTJ2O0A,SPARE,SNC2P0A,CHV2O0A,SPARE,
Student_g10_name_442,10,442,ESLA-DB,MFM2P0A,CHC2D0A,CHV2O0B,TEJ2O0C,ENG2P0B,SNC2D0A,PPL2OFE,
Student_g10_name_443,10,443,SPARE,PPL2OFB,CHC2P0B,CHV2O0B,MPM2D0A,ENG2D0A,SNC2D0A,AVI2O0B,
Student_g10_name_444,10,444,ADA2O0A,SNC2P0B,CHC2P0B,TCJ2O0A,SPARE,ENG2D0A,CHV2O0A,SPARE,
Student_g10_name_445,10,445,ADA2O0A,MFM2P0A,CHC2D0A,TCJ2O0A,CHV2OLA,ENG2D0A,SNC2D0A,SPARE,
Student_g10_name_446,10,446,TTJ2O0B,ENG2P0A,SPARE,MAT2L0A,PPL2OFA,SPARE,SNC2D0A,CHV2O0D,
Student_g10_name_447,10,447,PPL2OFD,ESLA-DA,CHC2D0A,CHV2O0B,MPM2D0A,ENG2D0A,SNC2D0A,TGJ2O0A,
Student_g10_name_448,10,448,PPL2OFD,SNC2P0B,CHC2P0B,TCJ2O0A,SPARE,ENG2D0A,CHV2O0A,SPARE,
Student_g10_name_449,10,449,SPARE,PPL2OFB,CHC2P0B,CHV2O0B,MPM2D0A,ENG2D0A,SNC2D0A,SPARE,
Student_g10_name_450,10,450,TTJ2O0B,MFM2P0A,CHC2D0A,CHV2O0B,PPL2OMD,ENG2D0A,SNC2D0A,SPARE,
Student_g10_name_451,10,451,ADA2O0A,SNC2P0B,CHC2D0A,TTJ2O0A,SPARE,ENG2D0A,CHV2O0A,SPARE,
Student_g10_name_452,10,452,TCJ2O0C,SPARE,PPL2OMA,CHV2O0B,CHC2P0A,ENG2P0B,SNC2P0C,SPARE,
Student_g10_name_453,10,453,SPARE,SNC2P0B,CHC2P0B,SPARE,SPARE,SPARE,CHV2O0A,SPARE,
Student_g10_name_454,10,454,TCJ2O0C,SNC2P0B,CHC2D0A,TTJ2O0A,SPARE,ENG2D0A,CHV2O0A,SPARE,
Student_g10_name_455,10,455,AMU2O0A,SPARE,CHC2D0A,CHV2O0B,PPL2OFA,ENG2D0A,SNC2D0A,SPARE,
Student_g10_name_456,10,456,AMU2O0A,ENG2P0A,CHV2O0C,MAT2L0A,CHC2P0A,PPL2OFC,SNC2D0A,ADA2O0B,
Student_g10_name_457,10,457,PPL2OFD,ENG2P0A,CHC2D0A,AVI2O0A,MPM2D0A,SNC2P0A,SPARE,SPARE,
Student_g10_name_458,10,458,TTJ2O0B,SPARE,CHC2D0A,ASM2O0B,SPARE,SPARE,SNC2D0A,SPARE,
Student_g10_name_459,10,459,SPARE,BBI2O0B,CHC2D0A,CHV2O0B,MPM2D0A,ENG2D0A,SNC2D0A,TGJ2O0A,
Student_g10_name_460,10,460,PPL2OFD,MFM2P0A,BBI2O0C,CHV2O0B,CHC2P0A,SPARE,SNC2P0C,SPARE,
Student_g10_name_461,10,461,TTJ2O0B,ENG2P0A,CHC2P0B,CHV2O0B,MPM2D0A,PPL2OFC,SNC2D0A,TGJ2O0A,
Student_g10_name_462,10,462,SPARE,MFM2P0A,CHC2D0A,CHV2O0B,PPL2OFA,ENG2P0B,SNC2D0A,AVI2O0B,
Student_g10_name_463,10,463,SPARE,PPL2OFB,CHC2D0A,CHV2O0B,MPM2D0A,ENG2D0A,SNC2D0A,AVI2O0B,
Student_g10_name_464,10,464,TCJ2O0C,SNC2P0B,CHC2D0A,TEJ2O0B,SPARE,ENG2D0A,CHV2O0A,SPARE,
Student_g10_name_465,10,465,PPL2OFD,SPARE,BBI2O0C,CHV2O0B,CHC2P0A,ENG2D0A,SNC2D0A,SPARE,
Student_g10_name_466,10,466,AMU2O0A,ENG2P0A,CHV2O0C,MAT2L0A,CHC2P0A,BBI2O0A,SNC2D0A,ADA2O0B,
Student_g10_name_467,10,467,SPARE,SNC2P0B,CHC2D0A,TEJ2O0B,MPM2D0A,ENG2D0A,CHV2O0A,AMI2O0B,
Student_g10_name_468,10,468,ESLA-DB,SNC2P0B,CHC2D0A,SPARE,SPARE,ENG2D0A,CHV2O0A,PPL2OFE,
Student_g10_name_469,10,469,TTJ2O0B,SNC2P0B,CHC2P0B,AVI2O0A,MPM2D0A,ENG2D0A,CHV2O0A,ADA2O0B,
Student_g10_name_470,10,470,PPL2OFD,SPARE,BBI2O0C,CHV2O0B,CHC2P0A,ENG2D0A,SNC2P0C,SPARE,
Student_g10_name_471,10,471,PPL2OFD,PPL2OMB,CHC2D0A,TCJ2O0A,SPARE,ENG2D0A,SNC2D0A,SPARE,
Student_g10_name_472,10,472,TTJ2O0B,SPARE,SPARE,CHV2O0B,SPARE,ENG2P0B,SNC2D0A,SPARE,
Student_g10_name_473,10,473,ADA2O0A,SNC2P0B,CHC2P0B,TEJ2O0B,SPARE,ENG2D0A,CHV2O0A,SPARE,
Student_g10_name_474,10,474,SPARE,TEJ2O0A,CHC2D0A,CHV2O0B,MPM2D0A,ENG2D0A,SNC2D0A,TGJ2O0A,
Student_g10_name_475,10,475,TCJ2O0C,MFM2P0A,CHC2D0A,CHV2O0B,PPL2OMD,ENG2D0A,SNC2D0A,AVI2O0B,
Student_g10_name_476,10,476,ADA2O0A,ENG2P0A,CHC2D0A,MAT2L0A,PPL2OMD,SNC2P0A,CHV2O0A,AVI2O0B,
Student_g10_name_477,10,477,SPARE,ENG2P0A,CHC2P0B,CHV2O0B,MPM2D0A,AMI2O0A,SPARE,SPARE,
Student_g10_name_478,10,478,TTJ2O0B,PPL2OFB,CHC2P0B,CHV2O0B,MPM2D0A,ENG2D0A,SNC2D0A,ADA2O0B,
Student_g10_name_479,10,479,SPARE,BBI2O0B,CHC2D0A,CHV2O0B,MPM2D0A,ENG2D0A,SNC2D0A,AVI2O0B,
Student_g10_name_480,10,480,SPARE,MFM2P0A,CHC2D0A,CHV2O0B,PPL2OFA,ENG2D0A,SNC2P0C,TGJ2O0A,
Student_g10_name_481,10,481,PPL2OFD,ENG2P0A,CHC2D0A,CHV2O0B,SPARE,AMI2O0A,SNC2D0A,SPARE,
Student_g10_name_482,10,482,ADA2O0A,MFM2P0A,BBI2O0C,CHV2O0B,CHC2P0A,ENG2P0B,SNC2D0A,PPL2OFE,
Student_g10_name_483,10,483,PPL2OFD,SNC2P0B,CHC2P0B,ASM2O0B,MPM2D0A,SPARE,CHV2O0A,SPARE,
Student_g10_name_484,10,484,SPARE,SNC2P0B,CHC2D0A,TTJ2O0A,MPM2D0A,ENG2D0A,BBI2O0D,AVI2O0B,
Student_g10_name_485,10,485,SPARE,MFM2P0A,CHC2D0A,CHV2O0B,SPARE,ENG2D0A,SPARE,AMI2O0B,
Student_g10_name_486,10,486,PPL2OFD,ENG2P0A,SPARE,MAT2L0A,CHC2P0A,SPARE,CHV2O0A,AMI2O0B,
Student_g10_name_487,10,487,SPARE,BBI2O0B,CHC2P0B,CHV2O0B,MPM2D0A,ENG2D0A,SPARE,SPARE,
Student_g10_name_488,10,488,AMU2O0A,PPL2OFB,CHC2D0A,CHV2O0B,MPM2D0A,ENG2D0A,SNC2D0A,AVI2O0B,
Student_g10_name_489,10,489,PPL2OFD,SNC2P0B,CHC2D0A,TTJ2O0A,MPM2D0A,ENG2D0A,CHV2O0A,ADA2O0B,
Student_g10_name_490,10,490,SPARE,MFM2P0A,BBI2O0C,CHV2O0B,CHC2P0A,ENG2D0A,SNC2D0A,TGJ2O0A,
Student_g10_name_491,10,491,SPARE,PPL2OFB,CHC2D0A,CHV2O0B,MPM2D0A,ENG2D0A,SNC2D0A,TGJ2O0A,
Student_g10_name_492,10,492,SPARE,MFM2P0A,CHC2D0A,CHV2O0B,PPL2OMD,ENG2P0B,SNC2P0C,AMI2O0B,
Student_g10_name_493,10,493,SPARE,PPL2OFB,CHC2D0A,CHV2O0B,SPARE,ENG2D0A,SNC2D0A,SPARE,
Student_g10_name_494,10,494,SPARE,ESLA-DA,CHC2P0B,CHV2O0B,SPARE,ENG2D0A,SNC2D0A,SPARE,
Student_g10_name_495,10,495,ESLA-DB,MFM2P0A,ADA2O0C,CHV2O0B,CHC2P0A,ENG2D0A,SNC2D0A,TGJ2O0A,
Student_g10_name_496,10,496,TCJ2O0C,SPARE,CHC2D0A,MAT2L0A,PPL2OFA,SNC2P0A,CHV2O0A,SPARE,
Student_g10_name_497,10,497,SPARE,ENG2P0A,CHC2D0A,SPARE,SPARE,ASM2O0A,SNC2D0A,TGJ2O0A,
Student_g10_name_498,10,498,PPL2OFD,TEJ2O0A,CHC2D0A,CHV2O0B,MPM2D0A,ENG2D0A,SNC2D0A,AVI2O0B,
Student_g10_name_499,10,499,ADA2O0A,SNC2P0B,CHC2P0B,SPARE,SPARE,ENG2D0A,CHV2O0A,PPL2OFE,
Student_g10_name_500,10,500,TTJ2O0B,SPARE,BBI2O0C,CHV2O0B,CHC2P0A,ENG2D0A,SNC2P0C,SPARE,
Student_g11_name_501,11,501,HSP3C0A,PAF3OMA,SPARE,AVI3M0A,SPARE,SPARE,ENG3U0A,SPARE,
Student_g11_name_502,11,502,HSP3C0A,PAF3OMA,SPARE,AVI3M0A,SPARE,SPARE,ENG3U0A,SPARE,
Student_g11_name_503,11,503,ASM3M0B,SPARE,MCR3U0A,ADA3M0A,HNC3C0A,SVN3M0B,ENG3U0A,HSP3U0A,
Student_g11_name_504,11,504,SPARE,SPARE,TGJ3M0A,FSF3U0A,SPARE,PAL3O0A,ENG3U0A,MEL3E0A,
Student_g11_name_505,11,505,SPARE,ICS3U0B,TTJ3C0B,ENG3C0A,MBF3C0A,CLU3M0A,PPL3OFA,ADA3M0C,
Student_g11_name_506,11,506,SPARE,PAF3OMA,MCR3U0A,SPARE,SPH3U0B,PPL3OMB,SPARE,TDJ3M0B,
Student_g11_name_507,11,507,HPC3O0A,AMI3M0A,SPARE,AMU3M0B,SPARE,CHE3O0A,ENG3U0A,HSP3U0A,
Student_g11_name_508,11,508,SPARE,BAF3M0B,CGF3M0A,AVI3M0A,MBF3C0A,TTJ3C0A,ENG3U0A,HFC3M0A,
Student_g11_name_509,11,509,ASM3M0B,PAF3OMA,MCR3U0A,FSF3U0A,BMI3C0A,SPARE,SPARE,TCJ3C0A,
Student_g11_name_510,11,510,SCH3U0A,BAF3M0B,SPARE,SPH3U0A,CGF3M0B,SPARE,SPARE,SPARE,
Student_g11_name_511,11,511,SBI3U0A,ICS3U0B,MCR3U0A,SPH3U0A,BMI3C0A,TTJ3C0A,ENG3U0A,ADA3M0C,
Student_g11_name_512,11,512,SPARE,AVI3M0D,MCR3U0A,SPH3U0A,BAF3M0A,PPL3OMB,ENG3U0A,SPARE,
Student_g11_name_513,11,513,SCH3U0A,BAF3M0B,MCR3U0A,SPH3U0A,CGF3M0B,SPARE,SPARE,ADA3M0C,
Student_g11_name_514,11,514,SPARE,HNC3C0B,MCR3U0A,SPH3U0A,ICS3U0A,CHE3O0A,ENG3U0A,ADA3M0C,
Student_g11_name_515,11,515,SPARE,MCF3M0A,SPARE,ENG3C0A,BAF3M0A,SPARE,ICS3U0C,SPARE,
Student_g11_name_516,11,516,SCH3U0A,CHE3O0B,MCR3U0A,ENG3C0A,ADA3M0D,TTJ3C0A,TGJ3M0B,ASM3M0A,
Student_g11_name_517,11,517,SBI3U0A,SCH3U0B,SPARE,SPARE,SPARE,FSF3U0C,SPARE,ASM3M0A,
Student_g11_name_518,11,518,SPARE,FSF3U0B,AMU3M0A,ENG3C0A,MBF3C0A,NDA3M0A,PPL3OFA,SPARE,
Student_g11_name_519,11,519,SBI3U0A,SPARE,SPARE,ENG3C0A,SPH3U0B,PPL3OMB,SPARE,TDJ3M0B,
Student_g11_name_520,11,520,SPARE,SPARE,AMU3M0A,ADA3M0A,ICS3U0A,CLU3M0A,SPARE,MEL3E0A,
Student_g11_name_521,11,521,SCH3U0A,SPARE,SPARE,AVI3M0A,PAF3OFA,PAL3O0A,SPARE,SPARE,
Student_g11_name_522,11,522,CHW3M0B,MCF3M0A,ICS3U0D,AVI3M0A,BAF3M0A,FSF3U0C,ENG3U0A,ADA3M0C,
Student_g11_name_523,11,523,SPARE,MCF3M0A,AMU3M0A,SPARE,ICS3U0A,SPARE,ENG3U0A,ASM3M0A,
Student_g11_name_524,11,524,SBI3U0A,SPARE,CGG3O0A,SPARE,SPH3U0B,SPARE,SPARE,MEL3E0A,
Student_g11_name_525,11,525,SBI3U0A,SPARE,SPARE,PPL3OMA,SPARE,PAL3O0A,SPARE,HSP3U0A,
Student_g11_name_526,11,526,SPARE,ICS3U0B,CGF3M0A,ENG3C0A,MBF3C0A,NDA3M0A,TCJ3C0B,ASM3M0A,
Student_g11_name_527,11,527,HSP3C0A,FSF3U0B,MCR3U0A,ENG3C0A,CGF3M0B,PAL3O0A,ADA3M0B,ASM3M0A,
Student_g11_name_528,11,528,SPARE,FSF3U0B,MCR3U0A,ENG3C0A,BMI3C0A,PPL3OMB,ELSCO0A,TDJ3M0B,
Student_g11_name_529,11,529,SPARE,FSF3U0B,SPARE,ENG3C0A,SPH3U0B,PPL3OMB,AVI3M0B,SPARE,
Student_g11_name_530,11,530,SCH3U0A,ICS3U0B,AMU3M0A,ENG3C0A,MBF3C0A,TTJ3C0A,ADA3M0B,PPL3OFB,
Student_g11_name_531,11,531,SPARE,SPARE,SPARE,SPARE,BMI3C0A,CHE3O0A,SPARE,SPARE,
Student_g11_name_532,11,532,SPARE,AMI3M0A,MCR3U0A,AMU3M0B,HFC3M0B,SPARE,SPARE,ASM3M0A,
Student_g11_name_533,11,533,SCH3U0A,BAF3M0B,MCR3U0A,FSF3U0A,HNC3C0A,PAL3O0A,ENG3U0A,SPARE,
Student_g11_name_534,11,534,HPC3O0A,SBI3C0B,ASM3M0C,SPARE,MBF3C0A,SPARE,SPARE,HFC3M0A,
Student_g11_name_535,11,535,SPARE,PAF3OMA,AVI3M0C,PPL3OMA,ICS3U0A,CLU3M0A,ENG3U0A,MEL3E0A,
Student_g11_name_536,11,536,SCH3U0A,PAF3OMA,MCR3U0A,AVI3M0A,HNC3C0A,TTJ3C0A,ENG3U0A,ASM3M0A,
Student_g11_name_537,11,537,CHW3M0B,SPARE,AVI3M0C,SPH3U0A,MBF3C0A,SPARE,SPARE,TDJ3M0B,
Student_g11_name_538,11,538,SPARE,SPARE,AVI3M0C,ENG3C0A,SPARE,CHE3O0A,ADA3M0B,ASM3M0A,
Student_g11_name_539,11,539,SPARE,SPARE,CGF3M0A,SPH3U0A,MBF3C0A,CHE3O0A,SPARE,TCJ3C0A,
Student_g11_name_540,11,540,SPARE,HNC3C0B,MCR3U0A,ENG3C0A,BMI3C0A,NDA3M0A,PPL3OFA,ASM3M0A,
Student_g11_name_541,11,541,HSP3C0A,SPARE,SPARE,SPARE,BAF3M0A,SPARE,ENG3U0A,ASM3M0A,
Student_g11_name_542,11,542,SPARE,ICS3U0B,AMU3M0A,PPL3OMA,MBF3C0A,TTJ3C0A,ENG3U0A,SPARE,
Student_g11_name_543,11,543,SCH3U0A,SPARE,CGF3M0A,HSP3C0B,ICS3U0A,SPARE,SPARE,MEL3E0A,
Student_g11_name_544,11,544,SBI3U0A,SPARE,MCR3U0A,ENG3C0A,PAF3OFA,SPARE,HPC3O0B,SPARE,
Student_g11_name_545,11,545,HSP3C0A,AVI3M0D,SPARE,ENG3C0A,SPARE,SPARE,TGJ3M0B,SPARE,
Student_g11_name_546,11,546,CHW3M0B,SPARE,SPARE,SPH3U0A,SPARE,TTJ3C0A,SPARE,ASM3M0A,
Student_g11_name_547,11,547,HSP3C0A,SPARE,BMI3C0B,ENG3C0A,SPH3U0B,SPARE,PPL3OFA,MEL3E0A,
Student_g11_name_548,11,548,SCH3U0A,SPARE,MCR3U0A,TDJ3M0A,AMU3M0C,SPARE,ENG3U0A,ASM3M0A,
Student_g11_name_549,11,549,SPARE,PAF3OMA,BMI3C0B,AVI3M0A,MBF3C0A,TTJ3C0A,ENG3U0A,HSP3U0A,
Student_g11_name_550,11,550,SPARE,SPARE,SVN3M0A,ENG3C0A,SPARE,TTJ3C0A,AVI3M0B,MEL3E0A,
Student_g11_name_551,11,551,HSP3C0A,AMI3M0A,SPARE,SPARE,ICS3U0A,SVN3M0B,SPARE,SPARE,
Student_g11_name_552,11,552,SBI3U0A,SCH3U0B,AMU3M0A,ENG3C0A,MBF3C0A,SPARE,CHW3M0A,PPL3OFB,
Student_g11_name_553,11,553,SPARE,SPARE,MCR3U0A,ENG3C0A,SPARE,PAL3O0A,AVI3M0B,HFC3M0A,
Student_g11_name_554,11,554,ASM3M0B,ICS3U0B,SPARE,SPARE,MBF3C0A,TTJ3C0A,ELSCO0A,SPH3U0C,
Student_g11_name_555,11,555,SPARE,HNC3C0B,SPARE,AMU3M0B,PAF3OFA,SPARE,ENG3U0A,PPL3OFB,
Student_g11_name_556,11,556,SBI3U0A,SPARE,SPARE,ENG3C0A,SPARE,NDA3M0A,SPARE,SPARE,
Student_g11_name_557,11,557,CHW3M0B,MCF3M0A,SPARE,HSP3C0B,BMI3C0A,CHE3O0A,ENG3U0A,TCJ3C0A,
Student_g11_name_558,11,558,CHW3M0B,MCF3M0A,TTJ3C0B,PPL3OMA,ICS3U0A,FSF3U0C,ENG3U0A,HSP3U0A,
Student_g11_name_559,11,559,SPARE,SPARE,MCR3U0A,ENG3C0A,HNC3C0A,PAL3O0A,ADA3M0B,HFC3M0A,
Student_g11_name_560,11,560,HSP3C0A,SPARE,SPARE,SPARE,HFC3M0B,PAL3O0A,SPARE,TCJ3C0A,
Student_g11_name_561,11,561,SPARE,PAF3OMA,MCR3U0A,ENG3C0A,BMI3C0A,FSF3U0C,CHW3M0A,SPARE,
Student_g11_name_562,11,562,SBI3U0A,HNC3C0B,MCR3U0A,ENG3C0A,PAF3OFA,CLU3M0A,ADA3M0B,TCJ3C0A,
Student_g11_name_563,11,563,CHW3M0B,HNC3C0B,MCR3U0A,AVI3M0A,BMI3C0A,SVN3M0B,ENG3U0A,TCJ3C0A,
Student_g11_name_564,11,564,SCH3U0A,AVI3M0D,SPARE,FSF3U0A,SPARE,TTJ3C0A,SPARE,SPARE,
Student_g11_name_565,11,565,SBI3U0A,AVI3M0D,MCR3U0A,SPH3U0A,HNC3C0A,SPARE,ENG3U0A,TCJ3C0A,
Student_g11_name_566,11,566,SBI3U0A,AVI3M0D,SPARE,AMU3M0B,BMI3C0A,CHE3O0A,ENG3U0A,SPARE,
Student_g11_name_567,11,567,HPC3O0A,AVI3M0D,MCR3U0A,SPH3U0A,AMU3M0C,PPL3OMB,ENG3U0A,HFC3M0A,
Student_g11_name_568,11,568,SPARE,SPARE,MCR3U0A,ENG3C0A,AMU3M0C,CLU3M0A,SPARE,TCJ3C0A,
Student_g11_name_569,11,569,SCH3U0A,ICS3U0B,MCR3U0A,CLU3M0B,BAF3M0A,PAL3O0A,SPARE,SPARE,
Student_g11_name_570,11,570,SPARE,MCF3M0A,TGJ3M0A,HSP3C0B,PAF3OFA,TTJ3C0A,ENG3U0A,SPARE,
Student_g11_name_571,11,571,SBI3U0A,SPARE,MCR3U0A,SPH3U0A,PAF3OFA,PAL3O0A,SPARE,HSP3U0A,
Student_g11_name_572,11,572,PAF3OMB,SPARE,SPARE,SPH3U0A,MBF3C0A,SPARE,SPARE,ADA3M0C,
Student_g11_name_573,11,573,SPARE,PAF3OMA,MCR3U0A,FSF3U0A,BMI3C0A,SVN3M0B,ENG3U0A,ADA3M0C,
Student_g11_name_574,11,574,HPC3O0A,SPARE,MCR3U0A,ENG3C0A,SPARE,TTJ3C0A,CHW3M0A,SPARE,
Student_g11_name_575,11,575,PAF3OMB,SPARE,MCR3U0A,ENG3C0A,SBI3C0A,SPARE,ICS3U0C,ASM3M0A,
Student_g11_name_576,11,576,SPARE,PAF3OMA,SPARE,SPARE,MBF3C0A,FSF3U0C,ELSCO0A,NDA3M0B,
Student_g11_name_577,11,577,SBI3U0A,ICS3U0B,AMU3M0A,SPARE,MBF3C0A,CLU3M0A,SPARE,SPARE,
Student_g11_name_578,11,578,HSP3C0A,BAF3M0B,AVI3M0C,SPH3U0A,CGF3M0B,CHE3O0A,ENG3U0A,MEL3E0A,
Student_g11_name_579,11,579,SPARE,SPARE,CGF3M0A,SPH3U0A,MBF3C0A,PAL3O0A,SPARE,ADA3M0C,
Student_g11_name_580,11,580,SPARE,AMI3M0A,SPARE,ENG3C0A,HNC3C0A,SPARE,CHW3M0A,ASM3M0A,
Student_g11_name_581,11,581,GLE3O0A,SPARE,SPARE,PPL3OMA,SPARE,TTJ3C0A,SPARE,HFC3M0A,
Student_g11_name_582,11,582,SPARE,SPARE,SPARE,SPARE,PAF3OFA,CHE3O0A,SPARE,ASM3M0A,
Student_g11_name_583,11,583,SPARE,SPARE,MCR3U0A,AVI3M0A,AMU3M0C,PAL3O0A,SPARE,ASM3M0A,
Student_g11_name_584,11,584,SPARE,BAF3M0B,ICS3U0D,SPH3U0A,MBF3C0A,PPL3OMB,ENG3U0A,PPL3OFB,
Student_g11_name_585,11,585,ASM3M0B,SPARE,SPARE,SPARE,ICS3U0A,CHE3O0A,SPARE,HFC3M0A,
Student_g11_name_586,11,586,SBI3U0A,SPARE,MCR3U0A,AMU3M0B,ICS3U0A,CHE3O0A,ENG3U0A,HFC3M0A,
Student_g11_name_587,11,587,SCH3U0A,SPARE,SPARE,SPH3U0A,BAF3M0A,SPARE,SPARE,ADA3M0C,
Student_g11_name_588,11,588,SPARE,MCF3M0A,ICS3U0D,SPH3U0A,SBI3C0A,SPARE,SPARE,TCJ3C0A,
Student_g11_name_589,11,589,HPC3O0A,ICS3U0B,MCR3U0A,ENG3C0A,SPH3U0B,BAF3M0C,TGJ3M0B,TCJ3C0A,
Student_g11_name_590,11,590,SPARE,SPARE,MCR3U0A,SPH3U0A,AWP3O0A,PPL3OMB,SPARE,HFC3M0A,
Student_g11_name_591,11,591,SPARE,MCF3M0A,SPARE,AVI3M0A,BMI3C0A,SPARE,ENG3U0A,ASM3M0A,
Student_g11_name_592,11,592,SPARE,FSF3U0B,MCR3U0A,SPH3U0A,PAF3OFA,SPARE,SPARE,HSP3U0A,
Student_g11_name_593,11,593,SPARE,AMI3M0A,MCR3U0A,TDJ3M0A,PAF3OFA,SPARE,SPARE,ASM3M0A,
Student_g11_name_594,11,594,SPARE,SPARE,SPARE,CLU3M0B,SBI3C0A,PAL3O0A,SPARE,SPARE,
Student_g11_name_595,11,595,SCH3U0A,ICS3U0B,HFC3M0C,ENG3C0A,MBF3C0A,SPARE,HPC3O0B,SBI3U0B,
Student_g11_name_596,11,596,HPC3O0A,SPARE,SPARE,HSP3C0B,SPARE,SVN3M0B,SPARE,HFC3M0A,
Student_g11_name_597,11,597,SPARE,SPARE,SPARE,SPH3U0A,SBI3C0A,SPARE,SPARE,ADA3M0C,
Student_g11_name_598,11,598,HPC3O0A,AVI3M0D,SPARE,SPARE,SPARE,SVN3M0B,TGJ3M0B,SPARE,
Student_g11_name_599,11,599,SPARE,SPARE,MCR3U0A,ENG3C0A,HFC3M0B,CHE3O0A,ELSCO0A,ADA3M0C,
Student_g11_name_600,11,600,SPARE,FSF3U0B,SPARE,TDJ3M0A,ICS3U0A,SPARE,SPARE,SPARE,
Student_g11_name_601,11,601,SPARE,MCF3M0A,ICS3U0D,ENG3C0A,SPARE,BAF3M0C,ADA3M0B,SPARE,
Student_g11_name_602,11,602,SPARE,BAF3M0B,SPARE,FSF3U0A,SBI3C0A,SPARE,ENG3U0A,MEL3E0A,
Student_g11_name_603,11,603,CHW3M0B,SBI3C0B,SVN3M0A,ADA3M0A,MBF3C0A,CHE3O0A,SPARE,SPARE,
Student_g11_name_604,11,604,SBI3U0A,FSF3U0B,TTJ3C0B,ENG3C0A,MBF3C0A,NDA3M0A,PAF3OFB,SPARE,
Student_g11_name_605,11,605,SPARE,PAF3OMA,MCR3U0A,PPL3OMA,HNC3C0A,BAF3M0C,ENG3U0A,TDJ3M0B,
Student_g11_name_606,11,606,SPARE,MCF3M0A,SVN3M0A,SPARE,BAF3M0A,FSF3U0C,SPARE,SPARE,
Student_g11_name_607,11,607,CHW3M0B,MCF3M0A,SPARE,FSF3U0A,PAF3OFA,SPARE,ENG3U0A,SPARE,
Student_g11_name_608,11,608,SCH3U0A,AVI3M0D,SPARE,SPH3U0A,SPARE,PAL3O0A,ENG3U0A,ADA3M0C,
Student_g11_name_609,11,609,SBI3U0A,AVI3M0D,MCR3U0A,SPH3U0A,ADA3M0D,PPL3OMB,ENG3U0A,TDJ3M0B,
Student_g11_name_610,11,610,PAF3OMB,MCF3M0A,SVN3M0A,ENG3C0A,BAF3M0A,SPARE,PPL3OFA,ADA3M0C,
Student_g11_name_611,11,611,SPARE,SPARE,MCR3U0A,ENG3C0A,SPARE,CHE3O0A,PPL3OFA,HFC3M0A,
Student_g11_name_612,11,612,HSP3C0A,SPARE,AMU3M0A,AVI3M0A,SPARE,SPARE,SPARE,MEL3E0A,
Student_g11_name_613,11,613,SBI3U0A,SPARE,SPARE,ENG3C0A,SPARE,SVN3M0B,TGJ3M0B,ADA3M0C,
Student_g11_name_614,11,614,SPARE,MCF3M0A,AMU3M0A,SPH3U0A,HFC3M0B,BAF3M0C,ENG3U0A,ASM3M0A,
Student_g11_name_615,11,615,HSP3C0A,FSF3U0B,SPARE,ENG3C0A,SPH3U0B,SPARE,AVI3M0B,TDJ3M0B,
Student_g11_name_616,11,616,ASM3M0B,SPARE,MCR3U0A,ADA3M0A,AWP3O0A,PAL3O0A,ENG3U0A,HFC3M0A,
Student_g11_name_617,11,617,SPARE,MCF3M0A,SPARE,ADA3M0A,AMI3M0B,BAF3M0C,SPARE,SPARE,
Student_g11_name_618,11,618,SCH3U0A,SPARE,SPARE,PPL3OMA,HFC3M0B,SPARE,SPARE,ASM3M0A,
Student_g11_name_619,11,619,SPARE,AMI3M0A,SPARE,ENG3C0A,SBI3C0A,NDA3M0A,ICS3U0C,SPARE,
Student_g11_name_620,11,620,SPARE,FSF3U0B,SPARE,ENG3C0A,AMI3M0B,PPL3OMB,SPARE,HFC3M0A,
Student_g11_name_621,11,621,PAF3OMB,AMI3M0A,ICS3U0D,SPARE,MBF3C0A,PAL3O0A,ENG3U0A,ASM3M0A,
Student_g11_name_622,11,622,GLE3O0A,SPARE,MCR3U0A,ENG3C0A,SPARE,NDA3M0A,TGJ3M0B,ASM3M0A,
Student_g11_name_623,11,623,SPARE,HNC3C0B,MCR3U0A,ENG3C0A,CGF3M0B,PPL3OMB,AVI3M0B,NDA3M0B,
Student_g11_name_624,11,624,SCH3U0A,BAF3M0B,MCR3U0A,SPARE,SBI3C0A,TTJ3C0A,ENG3U0A,HFC3M0A,
Student_g11_name_625,11,625,HSP3C0A,AVI3M0D,SPARE,ENG3C0A,CGF3M0B,SPARE,ELSCO0A,HFC3M0A,
Student_g11_name_626,11,626,HSP3C0A,AVI3M0D,MCR3U0A,ADA3M0A,BMI3C0A,TTJ3C0A,ENG3U0A,HFC3M0A,
Student_g11_name_627,11,627,SPARE,SPARE,SPARE,ADA3M0A,SPARE,SPARE,ENG3U0A,HSP3U0A,
Student_g11_name_628,11,628,SBI3U0A,HNC3C0B,AMU3M0A,ENG3C0A,MBF3C0A,SPARE,TCJ3C0B,TDJ3M0B,
Student_g11_name_629,11,629,SPARE,FSF3U0B,MCR3U0A,ENG3C0A,PAF3OFA,PPL3OMB,TTJ3C0C,TDJ3M0B,
Student_g11_name_630,11,630,SBI3U0A,HNC3C0B,MCR3U0A,ENG3C0A,ICS3U0A,CLU3M0A,ELSCO0A,HFC3M0A,
Student_g11_name_631,11,631,CHW3M0B,SPARE,SPARE,TDJ3M0A,SPARE,CLU3M0A,SPARE,ADA3M0C,
Student_g11_name_632,11,632,SCH3U0A,MCF3M0A,AMU3M0A,ADA3M0A,BMI3C0A,CHE3O0A,ENG3U0A,SPARE,
Student_g11_name_633,11,633,SPARE,AMI3M0A,SPARE,FSF3U0A,HNC3C0A,PAL3O0A,ENG3U0A,SPARE,
Student_g11_name_634,11,634,ASM3M0B,MCF3M0A,TGJ3M0A,PPL3OMA,HFC3M0B,SPARE,SPARE,HSP3U0A,
Student_g11_name_635,11,635,SPARE,BAF3M0B,CGG3O0A,TDJ3M0A,MBF3C0A,SPARE,SPARE,SPARE,
Student_g11_name_636,11,636,HSP3C0A,ICS3U0B,SPARE,SPARE,SBI3C0A,SVN3M0B,ENG3U0A,TCJ3C0A,
Student_g11_name_637,11,637,HSP3C0A,SPARE,SPARE,AVI3M0A,SPARE,PAL3O0A,ENG3U0A,SPARE,
Student_g11_name_638,11,638,HPC3O0A,SPARE,MCR3U0A,ENG3C0A,SPARE,CHE3O0A,SPARE,SPARE,
Student_g11_name_639,11,639,HPC3O0A,SPARE,TGJ3M0A,ENG3C0A,BAF3M0A,CHE3O0A,CHW3M0A,MEL3E0A,
Student_g11_name_640,11,640,SCH3U0A,AMI3M0A,MCR3U0A,AVI3M0A,CGF3M0B,PAL3O0A,ENG3U0A,HSP3U0A,
Student_g11_name_641,11,641,SPARE,SBI3C0B,ICS3U0D,AVI3M0A,MBF3C0A,FSF3U0C,ENG3U0A,ASM3M0A,
Student_g11_name_642,11,642,HSP3C0A,MCF3M0A,AMU3M0A,SPH3U0A,SPARE,SPARE,SPARE,ADA3M0C,
Student_g11_name_643,11,643,GLE3O0A,BAF3M0B,MCR3U0A,AMU3M0B,PAF3OFA,TTJ3C0A,SPARE,SPARE,
Student_g11_name_644,11,644,CHW3M0B,AMI3M0A,SPARE,SPARE,ICS3U0A,SPARE,SPARE,HSP3U0A,
Student_g11_name_645,11,645,SPARE,AVI3M0D,MCR3U0A,ENG3C0A,AWP3O0A,NDA3M0A,PAF3OFB,ASM3M0A,
Student_g11_name_646,11,646,SPARE,FSF3U0B,MCR3U0A,TDJ3M0A,BMI3C0A,SVN3M0B,ENG3U0A,PPL3OFB,
Student_g11_name_647,11,647,SPARE,AMI3M0A,MCR3U0A,ADA3M0A,ICS3U0A,TTJ3C0A,ENG3U0A,HSP3U0A,
Student_g11_name_648,11,648,SBI3U0A,FSF3U0B,MCR3U0A,ENG3C0A,SPH3U0B,PAL3O0A,ICS3U0C,TDJ3M0B,
Student_g11_name_649,11,649,CHW3M0B,SPARE,SPARE,ADA3M0A,SPARE,CHE3O0A,SPARE,TCJ3C0A,
Student_g11_name_650,11,650,SCH3U0A,MCF3M0A,SPARE,PPL3OMA,ICS3U0A,FSF3U0C,SPARE,TCJ3C0A,
Student_g11_name_651,11,651,SPARE,FSF3U0B,MCR3U0A,ENG3C0A,ICS3U0A,PPL3OMB,TCJ3C0B,ASM3M0A,
Student_g11_name_652,11,652,PAF3OMB,MCF3M0A,SVN3M0A,ENG3C0A,SBI3C0A,BAF3M0C,TTJ3C0C,HFC3M0A,
Student_g11_name_653,11,653,SPARE,BAF3M0B,SPARE,AMU3M0B,CGF3M0B,SPARE,ENG3U0A,HSP3U0A,
Student_g11_name_654,11,654,SCH3U0A,ICS3U0B,SPARE,FSF3U0A,MBF3C0A,SPARE,SPARE,HFC3M0A,
Student_g11_name_655,11,655,SPARE,MCF3M0A,AMU3M0A,ENG3C0A,ADA3M0D,FSF3U0C,TCJ3C0B,HFC3M0A,
Student_g11_name_656,11,656,SPARE,AMI3M0A,SPARE,AVI3M0A,HNC3C0A,SPARE,ENG3U0A,PPL3OFB,
Student_g11_name_657,11,657,ASM3M0B,HNC3C0B,SPARE,ENG3C0A,MBF3C0A,CHE3O0A,SPARE,TCJ3C0A,
Student_g11_name_658,11,658,SCH3U0A,SPARE,SPARE,SPH3U0A,MBF3C0A,SPARE,SPARE,TDJ3M0B,
Student_g11_name_659,11,659,SCH3U0A,SPARE,MCR3U0A,AVI3M0A,PAF3OFA,PAL3O0A,SPARE,ASM3M0A,
Student_g11_name_660,11,660,SPARE,SPARE,SPARE,ENG3C0A,AMU3M0C,PPL3OMB,AVI3M0B,SPARE,
Student_g11_name_661,11,661,SPARE,SPARE,SPARE,SPARE,SBI3C0A,CHE3O0A,SPARE,SPARE,
Student_g11_name_662,11,662,GLE3O0A,SPARE,SPARE,TDJ3M0A,SPARE,SPARE,SPARE,SPARE,
Student_g11_name_663,11,663,SPARE,SPARE,AMU3M0A,ENG3C0A,SPARE,CLU3M0A,TTJ3C0C,MEL3E0A,
Student_g11_name_664,11,664,HPC3O0A,FSF3U0B,SPARE,ENG3C0A,CGF3M0B,BAF3M0C,ICS3U0C,SPARE,
Student_g11_name_665,11,665,HSP3C0A,ICS3U0B,CGF3M0A,TDJ3M0A,MBF3C0A,TTJ3C0A,ENG3U0A,ASM3M0A,
Student_g11_name_666,11,666,HSP3C0A,SPARE,MCR3U0A,SPH3U0A,SBI3C0A,PPL3OMB,ENG3U0A,TCJ3C0A,
Student_g11_name_667,11,667,SPARE,AVI3M0D,MCR3U0A,ENG3C0A,HNC3C0A,NDA3M0A,ELSCO0A,PPL3OFB,
Student_g11_name_668,11,668,SPARE,PAF3OMA,SPARE,FSF3U0A,SBI3C0A,SPARE,ENG3U0A,HFC3M0A,
Student_g11_name_669,11,669,SPARE,ICS3U0B,AVI3M0C,ADA3M0A,MBF3C0A,PAL3O0A,ENG3U0A,TDJ3M0B,
Student_g11_name_670,11,670,SPARE,PAF3OMA,SPARE,FSF3U0A,ICS3U0A,CHE3O0A,ENG3U0A,SPARE,
Student_g11_name_671,11,671,PAF3OMB,AMI3M0A,MCR3U0A,ENG3C0A,BMI3C0A,NDA3M0A,SPARE,ASM3M0A,
Student_g11_name_672,11,672,HSP3C0A,SPARE,SPARE,PPL3OMA,MBF3C0A,CLU3M0A,ENG3U0A,ASM3M0A,
Student_g11_name_673,11,673,SPARE,BAF3M0B,SVN3M0A,FSF3U0A,MBF3C0A,SPARE,SPARE,PPL3OFB,
Student_g11_name_674,11,674,SCH3U0A,SPARE,MCR3U0A,TDJ3M0A,SBI3C0A,TTJ3C0A,SPARE,PPL3OFB,
Student_g11_name_675,11,675,GLE3O0A,ICS3U0B,SPARE,ENG3C0A,CGF3M0B,CLU3M0A,TGJ3M0B,SPARE,
Student_g11_name_676,11,676,SCH3U0A,SPARE,SPARE,SPARE,HFC3M0B,CLU3M0A,SPARE,HSP3U0A,
Student_g11_name_677,11,677,SPARE,AVI3M0D,MCR3U0A,CLU3M0B,SBI3C0A,SVN3M0B,ENG3U0A,ADA3M0C,
Student_g11_name_678,11,678,SPARE,BAF3M0B,SPARE,SPH3U0A,MBF3C0A,CLU3M0A,SPARE,ADA3M0C,
Student_g11_name_679,11,679,SPARE,SBI3C0B,SVN3M0A,SPARE,MBF3C0A,SPARE,SPARE,PPL3OFB,
Student_g11_name_680,11,680,SCH3U0A,AVI3M0D,SPARE,ADA3M0A,AWP3O0A,SPARE,SPARE,SPARE,
Student_g11_name_681,11,681,SCH3U0A,FSF3U0B,TGJ3M0A,HSP3C0B,MBF3C0A,PPL3OMB,SPARE,SPARE,
Student_g11_name_682,11,682,SCH3U0A,SPARE,MCR3U0A,AVI3M0A,BAF3M0A,TTJ3C0A,SPARE,PPL3OFB,
Student_g11_name_683,11,683,HPC3O0A,SPARE,SPARE,AMU3M0B,BAF3M0A,SPARE,SPARE,PPL3OFB,
Student_g11_name_684,11,684,SCH3U0A,FSF3U0B,MCR3U0A,ENG3C0A,BAF3M0A,PPL3OMB,ICS3U0C,NDA3M0B,
Student_g11_name_685,11,685,SCH3U0A,PAF3OMA,MCR3U0A,AVI3M0A,SPARE,FSF3U0C,SPARE,ADA3M0C,
Student_g11_name_686,11,686,SPARE,AMI3M0A,SPARE,ENG3C0A,SPH3U0B,SPARE,PAF3OFB,HFC3M0A,
Student_g11_name_687,11,687,SPARE,AVI3M0D,MCR3U0A,SPH3U0A,CGF3M0B,SVN3M0B,ENG3U0A,ADA3M0C,
Student_g11_name_688,11,688,HSP3C0A,ICS3U0B,MCR3U0A,AMU3M0B,BAF3M0A,PAL3O0A,ENG3U0A,PPL3OFB,
Student_g11_name_689,11,689,HSP3C0A,SPARE,MCR3U0A,ENG3C0A,SPH3U0B,CHE3O0A,TCJ3C0B,TDJ3M0B,
Student_g11_name_690,11,690,SPARE,SPARE,TGJ3M0A,SPH3U0A,ICS3U0A,CHE3O0A,SPARE,MEL3E0A,
Student_g11_name_691,11,691,SCH3U0A,CHE3O0B,MCR3U0A,SPARE,HNC3C0A,SVN3M0B,ENG3U0A,SBI3U0B,
Student_g11_name_692,11,692,CHW3M0B,MCF3M0A,BMI3C0B,ADA3M0A,ICS3U0A,PAL3O0A,SPARE,SPARE,
Student_g11_name_693,11,693,SBI3U0A,FSF3U0B,SPARE,PPL3OMA,CGF3M0B,SPARE,ENG3U0A,HFC3M0A,
Student_g11_name_694,11,694,SPARE,AMI3M0A,MCR3U0A,AMU3M0B,HNC3C0A,SVN3M0B,ENG3U0A,HSP3U0A,
Student_g11_name_695,11,695,SBI3U0A,SPARE,SPARE,SPARE,ICS3U0A,PAL3O0A,SPARE,HSP3U0A,
Student_g11_name_696,11,696,SBI3U0A,BAF3M0B,SPARE,SPARE,AWP3O0A,PAL3O0A,SPARE,SPARE,
Student_g11_name_697,11,697,HPC3O0A,CHE3O0B,SPARE,ENG3C0A,MBF3C0A,NDA3M0A,PPL3OFA,TDJ3M0B,
Student_g11_name_698,11,698,HPC3O0A,SPARE,MCR3U0A,SPARE,SBI3C0A,SVN3M0B,SPARE,ASM3M0A,
Student_g11_name_699,11,699,HPC3O0A,MCF3M0A,SPARE,SPH3U0A,ICS3U0A,SPARE,ENG3U0A,ADA3M0C,
Student_g11_name_700,11,700,GLE3O0A,MCF3M0A,SPARE,SPARE,SPARE,SPARE,HPC3O0B,HFC3M0A,
Student_g11_name_701,11,701,SPARE,AVI3M0D,MCR3U0A,FSF3U0A,BAF3M0A,PPL3OMB,ENG3U0A,HFC3M0A,
Student_g11_name_702,11,702,SPARE,SBI3C0B,ICS3U0D,ENG3C0A,MBF3C0A,PPL3OMB,SPARE,SPARE,
Student_g11_name_703,11,703,HSP3C0A,PAF3OMA,SPARE,SPH3U0A,MBF3C0A,TTJ3C0A,SPARE,TDJ3M0B,
Student_g11_name_704,11,704,HSP3C0A,BAF3M0B,MCR3U0A,AVI3M0A,CGF3M0B,SVN3M0B,ENG3U0A,PPL3OFB,
Student_g11_name_705,11,705,SPARE,MCF3M0A,SPARE,SPARE,BMI3C0A,CHE3O0A,ENG3U0A,SPARE,
Student_g11_name_706,11,706,SPARE,MCF3M0A,ICS3U0D,SPARE,SBI3C0A,SPARE,ENG3U0A,HFC3M0A,
Student_g11_name_707,11,707,SBI3U0A,SCH3U0B,MCR3U0A,SPARE,SPARE,SVN3M0B,SPARE,TCJ3C0A,
Student_g11_name_708,11,708,SBI3U0A,AMI3M0A,SPARE,SPARE,SPARE,SVN3M0B,HPC3O0B,SPARE,
Student_g11_name_709,11,709,ASM3M0B,SPARE,MCR3U0A,SPH3U0A,CGF3M0B,CLU3M0A,SPARE,TDJ3M0B,
Student_g11_name_710,11,710,SCH3U0A,SPARE,SPARE,AMU3M0B,BAF3M0A,SVN3M0B,SPARE,SPARE,
Student_g11_name_711,11,711,HSP3C0A,PAF3OMA,SPARE,AVI3M0A,ICS3U0A,SPARE,ENG3U0A,ADA3M0C,
Student_g11_name_712,11,712,SPARE,AVI3M0D,SVN3M0A,ENG3C0A,MBF3C0A,FSF3U0C,ELSCO0A,SPH3U0C,
Student_g11_name_713,11,713,GLE3O0A,MCF3M0A,SPARE,ADA3M0A,ICS3U0A,SPARE,SPARE,SPARE,
Student_g11_name_714,11,714,SCH3U0A,SPARE,SVN3M0A,HSP3C0B,SPARE,SPARE,SPARE,ADA3M0C,
Student_g11_name_715,11,715,SCH3U0A,PAF3OMA,SPARE,ENG3C0A,AMI3M0B,SPARE,SPARE,SPARE,
Student_g11_name_716,11,716,SPARE,FSF3U0B,SPARE,ENG3C0A,SPARE,NDA3M0A,AVI3M0B,ASM3M0A,
Student_g11_name_717,11,717,HSP3C0A,AMI3M0A,SPARE,ENG3C0A,MBF3C0A,PPL3OMB,PAF3OFB,ADA3M0C,
Student_g11_name_718,11,718,SPARE,FSF3U0B,MCR3U0A,ENG3C0A,PAF3OFA,NDA3M0A,PPL3OFA,TDJ3M0B,
Student_g11_name_719,11,719,GLE3O0A,SPARE,SPARE,FSF3U0A,SPARE,CHE3O0A,SPARE,TCJ3C0A,
Student_g11_name_720,11,720,SCH3U0A,BAF3M0B,PAL3O0B,SPARE,MBF3C0A,CLU3M0A,ENG3U0A,TCJ3C0A,
Student_g11_name_721,11,721,SCH3U0A,SPARE,MCR3U0A,ENG3C0A,SPH3U0B,NDA3M0A,AVI3M0B,TDJ3M0B,
Student_g11_name_722,11,722,SPARE,MCF3M0A,TGJ3M0A,AMU3M0B,BAF3M0A,TTJ3C0A,ENG3U0A,ASM3M0A,
Student_g11_name_723,11,723,SCH3U0A,MCF3M0A,BMI3C0B,ENG3C0A,SPH3U0B,SPARE,ADA3M0B,TCJ3C0A,
Student_g11_name_724,11,724,SPARE,AVI3M0D,MCR3U0A,SPH3U0A,CGF3M0B,CLU3M0A,ENG3U0A,TCJ3C0A,
Student_g11_name_725,11,725,SPARE,ICS3U0B,SPARE,ADA3M0A,MBF3C0A,FSF3U0C,SPARE,ASM3M0A,
Student_g11_name_726,11,726,SPARE,AMI3M0A,MCR3U0A,ENG3C0A,SBI3C0A,CLU3M0A,SPARE,SPARE,
Student_g11_name_727,11,727,SPARE,AMI3M0A,MCR3U0A,ENG3C0A,SPH3U0B,NDA3M0A,ICS3U0C,ADA3M0C,
Student_g11_name_728,11,728,SCH3U0A,ICS3U0B,MCR3U0A,ENG3C0A,CGF3M0B,SPARE,CHW3M0A,ASM3M0A,
Student_g11_name_729,11,729,SPARE,MCF3M0A,TGJ3M0A,AMU3M0B,SBI3C0A,SPARE,SPARE,HFC3M0A,
Student_g11_name_730,11,730,SPARE,MCF3M0A,CGF3M0A,AMU3M0B,BAF3M0A,SPARE,SPARE,HFC3M0A,
Student_g11_name_731,11,731,SPARE,FSF3U0B,AVI3M0C,PPL3OMA,HNC3C0A,TTJ3C0A,ENG3U0A,MEL3E0A,
Student_g11_name_732,11,732,HSP3C0A,SPARE,SPARE,PPL3OMA,BMI3C0A,SPARE,SPARE,MEL3E0A,
Student_g11_name_733,11,733,SPARE,SBI3C0B,MCR3U0A,ENG3C0A,SPH3U0B,CHE3O0A,ICS3U0C,NDA3M0B,
Student_g11_name_734,11,734,HPC3O0A,BAF3M0B,SPARE,ENG3C0A,ICS3U0A,SPARE,SPARE,SPARE,
Student_g11_name_735,11,735,HPC3O0A,SPARE,BMI3C0B,ENG3C0A,SPARE,CLU3M0A,CHW3M0A,NDA3M0B,
Student_g11_name_736,11,736,HPC3O0A,SPARE,SPARE,SPH3U0A,MBF3C0A,SPARE,ENG3U0A,HSP3U0A,
Student_g11_name_737,11,737,SCH3U0A,SPARE,MCR3U0A,ENG3C0A,BMI3C0A,SVN3M0B,SPARE,TDJ3M0B,
Student_g11_name_738,11,738,SPARE,FSF3U0B,MCR3U0A,ADA3M0A,BAF3M0A,CLU3M0A,ENG3U0A,HSP3U0A,
Student_g11_name_739,11,739,SPARE,SPARE,SPARE,TDJ3M0A,SPARE,SPARE,SPARE,ADA3M0C,
Student_g11_name_740,11,740,SBI3U0A,MCF3M0A,TTJ3C0B,SPARE,SPARE,PAL3O0A,AVI3M0B,SCH3U0C,
Student_g11_name_741,11,741,CHW3M0B,PAF3OMA,TGJ3M0A,ENG3C0A,MBF3C0A,NDA3M0A,ELSCO0A,HFC3M0A,
Student_g11_name_742,11,742,SCH3U0A,ICS3U0B,SPARE,ENG3C0A,HNC3C0A,PPL3OMB,ADA3M0B,SPARE,
Student_g11_name_743,11,743,HPC3O0A,SPARE,AVI3M0C,ENG3C0A,BAF3M0A,TTJ3C0A,ELSCO0A,MEL3E0A,
Student_g11_name_744,11,744,GLE3O0A,MCF3M0A,SPARE,SPARE,SBI3C0A,SPARE,SPARE,SPARE,
Student_g11_name_745,11,745,HPC3O0A,SPARE,SPARE,SPH3U0A,MBF3C0A,SPARE,ENG3U0A,HSP3U0A,
Student_g11_name_746,11,746,SCH3U0A,SPARE,MCR3U0A,ENG3C0A,BMI3C0A,SVN3M0B,SPARE,TDJ3M0B,
Student_g11_name_747,11,747,SPARE,FSF3U0B,MCR3U0A,ADA3M0A,BAF3M0A,CLU3M0A,ENG3U0A,HSP3U0A,
Student_g11_name_748,11,748,SPARE,SPARE,SPARE,TDJ3M0A,SPARE,SPARE,SPARE,ADA3M0C,
Student_g11_name_749,11,749,SBI3U0A,MCF3M0A,TTJ3C0B,SPARE,SPARE,PAL3O0A,AVI3M0B,SCH3U0C,
Student_g11_name_750,11,750,SBI3U0A,MCF3M0A,TTJ3C0B,SPARE,SPARE,PAL3O0A,AVI3M0B,SCH3U0C,
Student_g12_name_751,12,751,HNB4M0A,SES4U0A,HIP4O0A,EWC4U0A,MEL4E0B,SPARE,SCH4C0A,AVI4M0B,
Student_g12_name_752,12,752,SPARE,SPARE,ENG4C0A,ICS4U0A,SCH4U0A,SPARE,HFA4U0A,PAF4OFB,
Student_g12_name_753,12,753,CLN4U0B,SES4U0A,SPARE,PPL4OMA,SPARE,SPARE,MCV4U0A,HFA4U0B,
Student_g12_name_754,12,754,NDW4M0A,SPARE,HSB4U0C,MEL4E0A,AVI4M0A,SPARE,SPARE,GLS4O0A,
Student_g12_name_755,12,755,NDW4M0A,CGW4U0A,SPARE,SPARE,SCH4U0A,MAP4C0A,AMI4M0A,AVI4M0B,
Student_g12_name_756,12,756,TCJ4C0A,SPH4C0A,SPARE,CLN4U0A,SCH4U0A,SPARE,SBI4U0A,ICS4U0B,
Student_g12_name_757,12,757,SPARE,SPARE,ASM4M0B,EWC4U0A,AVI4M0A,BBB4M0A,PSK4U0A,SPARE,
Student_g12_name_758,12,758,CLN4U0B,CHM4E0A,ENG4C0A,SPH4U0A,GLS4O0B,OLC4O0B,SBI4U0A,BAT4M0B,
Student_g12_name_759,12,759,CLN4U0B,SPARE,SPARE,SNC4M0A,SPARE,MAP4C0A,CIA4U0A,SPARE,
Student_g12_name_760,12,760,SPARE,SPH4C0A,SPARE,PPL4OMA,SCH4U0A,OLC4O0B,AMI4M0A,SPARE,
Student_g12_name_761,12,761,SPARE,CGW4U0A,SPARE,SPARE,SCH4U0A,SPARE,SPH4U0B,SPARE,
Student_g12_name_762,12,762,SPARE,SPARE,ENG4C0A,SPH4U0A,PLF4M0B,OLC4O0B,SCH4C0A,HHG4M0A,
Student_g12_name_763,12,763,SPARE,TDJ4M0B,ENG4C0A,HFA4C0A,CGW4U0B,BBB4M0A,PAF4OFA,ICS4U0B,
Student_g12_name_764,12,764,SPARE,SPARE,SPARE,BAT4M0A,FSF4U0A,GLE4O0A,ENG4U0A,SPARE,
Student_g12_name_765,12,765,SPARE,ADA4M0A,CIA4U0B,EWC4U0A,BOH4M0A,AMI4M0B,SPH4U0B,ICS4U0B,
Student_g12_name_766,12,766,SPARE,NDW4M0C,ASM4M0B,EWC4U0A,CHY4U0A,SPARE,SCH4C0A,SPARE,
Student_g12_name_767,12,767,SPARE,SES4U0A,SPARE,EWC4U0A,SPARE,HNB4M0B,SPARE,MHF4U0B,
Student_g12_name_768,12,768,NDW4M0A,SPARE,PAF4OMB,EWC4U0A,TCJ4C0B,AMI4M0B,SBI4U0A,HFA4U0B,
Student_g12_name_769,12,769,SPARE,CHM4E0A,SPARE,SNC4M0A,SPARE,AMI4M0B,ENG4U0A,PAF4OFB,
Student_g12_name_770,12,770,HNB4M0A,SPH4C0A,SPARE,SPARE,BOH4M0A,MAP4C0A,SBI4U0A,SPARE,
Student_g12_name_771,12,771,SPARE,CGW4U0A,PAF4OMB,EWC4U0A,FSF4U0A,AMU4M0A,SPH4U0B,HHG4M0A,
Student_g12_name_772,12,772,SPARE,SPH4C0A,SPARE,SPARE,CHY4U0A,BBB4M0A,SPH4U0B,ICS4U0B,
Student_g12_name_773,12,773,NDW4M0A,TDJ4M0B,SPARE,SPARE,IDC4U0A,SPARE,SPH4U0B,SPARE,
Student_g12_name_774,12,774,SPARE,SES4U0A,SPARE,SPARE,BOH4M0A,GLE4O0A,PSK4U0A,BBB4M0B,
Student_g12_name_775,12,775,ADA4M0B,TDJ4M0B,SPARE,SNC4M0A,IDC4U0A,SPARE,AMI4M0A,ICS4U0B,
Student_g12_name_776,12,776,MCV4U0B,HZT4U0B,ASM4M0B,HHG4M0B,FSF4U0A,SPARE,ENG4U0A,GLS4O0A,
Student_g12_name_777,12,777,NDW4M0A,CHM4E0A,HSB4U0C,MDM4U0B,SCH4U0A,BBB4M0A,ENG4U0A,GLS4O0A,
Student_g12_name_778,12,778,NDW4M0A,PSK4U0B,ENG4C0A,PPL4OMA,CGW4U0B,SPARE,MCV4U0A,HZT4U0A,
Student_g12_name_779,12,779,NDW4M0A,SPARE,CIA4U0B,EWC4U0A,HSB4U0A,AMU4M0A,SNC4M0B,BBB4M0B,
Student_g12_name_780,12,780,HNB4M0A,ADA4M0A,ASM4M0B,EWC4U0A,CHY4U0A,BBB4M0A,MDM4U0A,SPARE,
Student_g12_name_781,12,781,SPARE,CHM4E0A,SPARE,SPH4U0A,AVI4M0A,SPARE,SPARE,SPARE,
Student_g12_name_782,12,782,CLN4U0B,CHM4E0A,PAF4OMB,MEL4E0A,SCH4U0A,TGJ4M0A,SPARE,SPARE,
Student_g12_name_783,12,783,MCV4U0B,CGW4U0A,ENG4C0A,PLF4M0A,CHY4U0A,BBB4M0A,SBI4U0A,AMU4M0B,
Student_g12_name_784,12,784,SPARE,SES4U0A,ASM4M0B,SPARE,SPARE,GLE4O0A,PAF4OFA,MHF4U0B,
Student_g12_name_785,12,785,MCV4U0B,CGW4U0A,SPARE,SBI4U0B,SCH4U0A,BBB4M0A,ENG4U0A,HHG4M0A,
Student_g12_name_786,12,786,SPARE,SPARE,CIA4U0B,SBI4U0B,SCH4U0A,AMI4M0B,ENG4U0A,SPARE,
Student_g12_name_787,12,787,SPARE,PSK4U0B,ENG4C0A,PPL4OMA,SCH4U0A,BBB4M0A,MCV4U0A,AMU4M0B,
Student_g12_name_788,12,788,MCV4U0B,PSK4U0B,SPARE,SPH4U0A,MEL4E0B,BBB4M0A,ENG4U0A,BAT4M0B,
Student_g12_name_789,12,789,SPARE,TDJ4M0B,SPARE,SPARE,FSF4U0A,MAP4C0A,PAF4OFA,BBB4M0B,
Student_g12_name_790,12,790,TCJ4C0A,CGW4U0A,HIP4O0A,EWC4U0A,MEL4E0B,MAP4C0A,MCV4U0A,SPARE,
Student_g12_name_791,12,791,HNB4M0A,SPARE,HIP4O0A,MDM4U0B,SPARE,TGJ4M0A,ENG4U0A,AVI4M0B,
Student_g12_name_792,12,792,PPL4OMB,PSK4U0B,ASM4M0B,ICS4U0A,HSB4U0A,TGJ4M0A,ENG4U0A,HHG4M0A,
Student_g12_name_793,12,793,PPL4OMB,MHF4U0A,ASM4M0B,SPH4U0A,SPARE,AMU4M0A,SPARE,SPARE,
Student_g12_name_794,12,794,TCJ4C0A,SPARE,SPARE,MEL4E0A,CHY4U0A,AMI4M0B,MDM4U0A,SPARE,
Student_g12_name_795,12,795,CLN4U0B,ADA4M0A,SPARE,PAF4OMA,SCH4U0A,SPARE,HFA4C0B,BAT4M0B,
Student_g12_name_796,12,796,PPL4OMB,SES4U0A,SPARE,ICS4U0A,SPARE,SPARE,ENG4U0A,AVI4M0B,
Student_g12_name_797,12,797,HNB4M0A,SPARE,HSB4U0C,PPL4OMA,PLF4M0B,TGJ4M0A,ENG4U0A,GLS4O0A,
Student_g12_name_798,12,798,NDW4M0A,SPH4C0A,PAF4OMB,MEL4E0A,SPARE,SPARE,ENG4U0A,SPARE,
Student_g12_name_799,12,799,SPARE,BBB4M0C,ENG4C0A,CHY4U0B,BOH4M0A,MAP4C0A,SCH4C0A,GLS4O0A,
Student_g12_name_800,12,800,MCV4U0B,HZT4U0B,SPARE,SNC4M0A,SPARE,AMI4M0B,ENG4U0A,BAT4M0B,
Student_g12_name_801,12,801,HNB4M0A,ADA4M0A,NDW4M0B,EWC4U0A,MEL4E0B,SPARE,HFA4U0A,ICS4U0B,
Student_g12_name_802,12,802,SPARE,BBB4M0C,SPARE,EWC4U0A,OLC4O0A,GLE4O0A,SNC4M0B,PAF4OFB,
Student_g12_name_803,12,803,HNB4M0A,SPARE,PAF4OMB,SCH4C0B,SPARE,BBB4M0A,ENG4U0A,BAT4M0B,
Student_g12_name_804,12,804,SPARE,ADA4M0A,ENG4C0A,SPARE,IDC4U0A,SPARE,SPARE,ICS4U0B,
Student_g12_name_805,12,805,MCV4U0B,CHM4E0A,TGJ4M0B,SCH4C0B,SPARE,BBB4M0A,ENG4U0A,PAF4OFB,
Student_g12_name_806,12,806,SPARE,ADA4M0A,ENG4C0A,SCH4C0B,PLF4M0B,TGJ4M0A,MDM4U0A,BBB4M0B,
Student_g12_name_807,12,807,MCV4U0B,SPH4C0A,SPARE,MDM4U0B,SPARE,GLE4O0A,SPARE,SPARE,
Student_g12_name_808,12,808,NDW4M0A,SPARE,ASM4M0B,EWC4U0A,OLC4O0A,BBB4M0A,MDM4U0A,HHG4M0A,
Student_g12_name_809,12,809,MCV4U0B,BBB4M0C,SPARE,PLF4M0A,TCJ4C0B,MAP4C0A,ENG4U0A,PAF4OFB,
Student_g12_name_810,12,810,SPARE,SES4U0A,ENG4C0A,MEL4E0A,SCH4U0A,TGJ4M0A,TDJ4M0A,AVI4M0B,
Student_g12_name_811,12,811,SPARE,SPH4C0A,HSB4U0C,EWC4U0A,CGW4U0B,OLC4O0B,HFA4C0B,HZT4U0A,
Student_g12_name_812,12,812,NDW4M0A,ADA4M0A,PAF4OMB,EWC4U0A,BOH4M0A,TGJ4M0A,SNC4M0B,PAF4OFB,
Student_g12_name_813,12,813,CLN4U0B,SPH4C0A,PAF4OMB,EWC4U0A,SCH4U0A,MAP4C0A,SCH4C0A,SPARE,
Student_g12_name_814,12,814,MCV4U0B,HZT4U0B,ASM4M0B,SPH4U0A,HSB4U0A,SPARE,SPARE,HHG4M0A,
Student_g12_name_815,12,815,MCV4U0B,CGW4U0A,CIA4U0B,MDM4U0B,PLF4M0B,GLE4O0A,ENG4U0A,GLS4O0A,
Student_g12_name_816,12,816,MCV4U0B,SPH4C0A,CIA4U0B,SPARE,CGW4U0B,AMI4M0B,ENG4U0A,HZT4U0A,
Student_g12_name_817,12,817,MCV4U0B,SPARE,SPARE,SPH4U0A,AVI4M0A,SPARE,SPARE,GLS4O0A,
Student_g12_name_818,12,818,SPARE,MHF4U0A,SPARE,SPARE,SPARE,AMI4M0B,SCH4C0A,BAT4M0B,
Student_g12_name_819,12,819,CLN4U0B,SPARE,ASM4M0B,EWC4U0A,SPARE,GLE4O0A,SPARE,SPARE,
Student_g12_name_820,12,820,SPARE,SES4U0A,ASM4M0B,EWC4U0A,FSF4U0A,MAP4C0A,AMI4M0A,HFA4U0B,
Student_g12_name_821,12,821,SPARE,BBB4M0C,SPARE,MDM4U0B,MEL4E0B,GLE4O0A,ENG4U0A,ICS4U0B,
Student_g12_name_822,12,822,SPARE,SPH4C0A,HIP4O0A,ASM4M0A,BOH4M0A,SPARE,SPARE,PAF4OFB,
Student_g12_name_823,12,823,MCV4U0B,CGW4U0A,ASM4M0B,HFA4C0A,IDC4U0A,SPARE,ENG4U0A,SPARE,
Student_g12_name_824,12,824,SPARE,SES4U0A,ENG4C0A,MEL4E0A,IDC4U0A,BBB4M0A,MCV4U0A,PAF4OFB,
Student_g12_name_825,12,825,PPL4OMB,SPARE,CIA4U0B,SPARE,SPARE,AMI4M0B,ENG4U0A,SPARE,
Student_g12_name_826,12,826,TCJ4C0A,HZT4U0B,SPARE,SPARE,IDC4U0A,SPARE,SCH4C0A,ICS4U0B,
Student_g12_name_827,12,827,HNB4M0A,SES4U0A,TGJ4M0B,SPARE,SPARE,GLE4O0A,SPARE,SPARE,
Student_g12_name_828,12,828,ADA4M0B,PSK4U0B,SPARE,HFA4C0A,BOH4M0A,SPARE,MDM4U0A,SPARE,
Student_g12_name_829,12,829,SPARE,SPARE,TGJ4M0B,EWC4U0A,BOH4M0A,AMU4M0A,SPARE,HHG4M0A,
Student_g12_name_830,12,830,BBB4M0D,HZT4U0B,ENG4C0A,HHG4M0B,OLC4O0A,MAP4C0A,SPARE,AMU4M0B,
Student_g12_name_831,12,831,NDW4M0A,PSK4U0B,ENG4C0A,ICS4U0A,CHY4U0A,AMI4M0B,SCH4C0A,GLS4O0A,
Student_g12_name_832,12,832,SPARE,ADA4M0A,SPARE,ICS4U0A,OLC4O0A,BBB4M0A,MDM4U0A,SPARE,
Student_g12_name_833,12,833,TCJ4C0A,CGW4U0A,SPARE,SPARE,MEL4E0B,SPARE,HFA4C0B,ICS4U0B,
Student_g12_name_834,12,834,SPARE,ADA4M0A,ENG4C0A,SPH4U0A,SPARE,BBB4M0A,CIA4U0A,SPARE,
Student_g12_name_835,12,835,SPARE,GLS4O0C,ASM4M0B,EWC4U0A,CHY4U0A,SPARE,MDM4U0A,PAF4OFB,
Student_g12_name_836,12,836,ADA4M0B,MHF4U0A,SPARE,SPARE,FSF4U0A,MAP4C0A,MDM4U0A,BBB4M0B,
Student_g12_name_837,12,837,BBB4M0D,HZT4U0B,CIA4U0B,SPARE,OLC4O0A,MAP4C0A,SPARE,GLS4O0A,
Student_g12_name_838,12,838,SPARE,SES4U0A,ENG4C0A,PPL4OMA,HSB4U0A,SPARE,HIP4O0B,HFA4U0B,
Student_g12_name_839,12,839,SPARE,SPH4C0A,HIP4O0A,HSB4U0B,SCH4U0A,MAP4C0A,ENG4U0A,HZT4U0A,
Student_g12_name_840,12,840,BBB4M0D,SPH4C0A,ENG4C0A,SNC4M0A,PLF4M0B,GLE4O0A,PAF4OFA,ICS4U0B,
Student_g12_name_841,12,841,SPARE,PSK4U0B,SPARE,SBI4U0B,FSF4U0A,BBB4M0A,MDM4U0A,SPARE,
Student_g12_name_842,12,842,TCJ4C0A,SES4U0A,ENG4C0A,SPARE,SCH4U0A,SPARE,SBI4U0A,SPARE,
Student_g12_name_843,12,843,HNB4M0A,NDW4M0C,CIA4U0B,SPARE,SPARE,AMU4M0A,MDM4U0A,PAF4OFB,
Student_g12_name_844,12,844,TCJ4C0A,SPH4C0A,ENG4C0A,SPARE,FSF4U0A,MAP4C0A,SPARE,HHG4M0A,
Student_g12_name_845,12,845,TCJ4C0A,PSK4U0B,ENG4C0A,PLF4M0A,SPARE,SPARE,SBI4U0A,HZT4U0A,
Student_g12_name_846,12,846,SPARE,TDJ4M0B,HSB4U0C,EWC4U0A,BOH4M0A,BBB4M0A,MDM4U0A,AMU4M0B,
Student_g12_name_847,12,847,TCJ4C0A,SPARE,ASM4M0B,SPH4U0A,AVI4M0A,BBB4M0A,SPARE,SPARE,
Student_g12_name_848,12,848,MCV4U0B,SPARE,CIA4U0B,EWC4U0A,FSF4U0A,SPARE,SBI4U0A,SPARE,
Student_g12_name_849,12,849,NDW4M0A,SPH4C0A,ENG4C0A,GLE4O0B,CGW4U0B,OLC4O0B,PSK4U0A,HZT4U0A,
Student_g12_name_850,12,850,HNB4M0A,CHM4E0A,BOH4M0B,EWC4U0A,MEL4E0B,SPARE,MDM4U0A,HFA4U0B,
Student_g12_name_851,12,851,NDW4M0A,SES4U0A,SPARE,MEL4E0A,CGW4U0B,MAP4C0A,ENG4U0A,GLS4O0A,
Student_g12_name_852,12,852,SPARE,SPARE,SPARE,EWC4U0A,HSB4U0A,SPARE,SBI4U0A,PAF4OFB,
Student_g12_name_853,12,853,SPARE,HZT4U0B,SPARE,SPARE,PLF4M0B,SPARE,MDM4U0A,HHG4M0A,
Student_g12_name_854,12,854,CLN4U0B,SPARE,ENG4C0A,SNC4M0A,PLF4M0B,HNB4M0B,AMI4M0A,BAT4M0B,
Student_g12_name_855,12,855,CLN4U0B,PSK4U0B,ENG4C0A,SPH4U0A,SCH4U0A,SPARE,MDM4U0A,AVI4M0B,
Student_g12_name_856,12,856,SPARE,IDC4U0B,SPARE,SPARE,BOH4M0A,AMI4M0B,MCV4U0A,CHM4E0B,
Student_g12_name_857,12,857,SPARE,SPARE,ENG4C0A,SNC4M0A,SCH4U0A,BBB4M0A,MDM4U0A,SPARE,
Student_g12_name_858,12,858,HNB4M0A,CGW4U0A,ENG4C0A,SPH4U0A,MEL4E0B,SPARE,PAF4OFA,HZT4U0A,
Student_g12_name_859,12,859,TCJ4C0A,SPH4C0A,ENG4C0A,SPH4U0A,HSB4U0A,SPARE,HFA4U0A,GLS4O0A,
Student_g12_name_860,12,860,HNB4M0A,SPARE,CIA4U0B,MDM4U0B,PLF4M0B,TGJ4M0A,ENG4U0A,BAT4M0B,
Student_g12_name_861,12,861,PPL4OMB,ADA4M0A,PAF4OMB,EWC4U0A,SCH4U0A,SPARE,HFA4C0B,CHM4E0B,
Student_g12_name_862,12,862,SPARE,CHM4E0A,SPARE,SPH4U0A,MEL4E0B,SPARE,SPARE,HFA4U0B,
Student_g12_name_863,12,863,SPARE,MHF4U0A,ENG4C0A,HSB4U0B,IDC4U0A,BBB4M0A,HIP4O0B,GLS4O0A,
Student_g12_name_864,12,864,TCJ4C0A,MHF4U0A,ENG4C0A,SPARE,BOH4M0A,SPARE,SPARE,ICS4U0B,
Student_g12_name_865,12,865,NDW4M0A,SES4U0A,SPARE,MEL4E0A,FSF4U0A,TGJ4M0A,ENG4U0A,AMU4M0B,
Student_g12_name_866,12,866,ADA4M0B,IDC4U0B,SPARE,MEL4E0A,PLF4M0B,SPARE,SPARE,HFA4U0B,
Student_g12_name_867,12,867,SPARE,HZT4U0B,ENG4C0A,PPL4OMA,SCH4U0A,BBB4M0A,MCV4U0A,AVI4M0B,
Student_g12_name_868,12,868,TCJ4C0A,SPARE,SPARE,CLN4U0A,SCH4U0A,SPARE,HFA4U0A,HZT4U0A,
Student_g12_name_869,12,869,HNB4M0A,SPH4C0A,SPARE,SPARE,SCH4U0A,SPARE,SPARE,HZT4U0A,
Student_g12_name_870,12,870,CLN4U0B,SPH4C0A,SPARE,HHG4M0B,SCH4U0A,SPARE,MCV4U0A,CGW4U0C,
Student_g12_name_871,12,871,SPARE,SES4U0A,SPARE,MDM4U0B,SCH4U0A,MAP4C0A,ENG4U0A,MHF4U0B,
Student_g12_name_872,12,872,PPL4OMB,CHM4E0A,SPARE,SPARE,GLS4O0B,SPARE,MCV4U0A,ICS4U0B,
Student_g12_name_873,12,873,HNB4M0A,SPARE,SPARE,SPARE,SCH4U0A,AMU4M0A,PAF4OFA,BAT4M0B,
Student_g12_name_874,12,874,TCJ4C0A,MHF4U0A,ENG4C0A,SNC4M0A,OLC4O0A,MAP4C0A,SBI4U0A,HZT4U0A,
Student_g12_name_875,12,875,ADA4M0B,SPH4C0A,SPARE,MEL4E0A,BOH4M0A,BBB4M0A,AMI4M0A,SPARE,
Student_g12_name_876,12,876,NDW4M0A,ADA4M0A,PAF4OMB,SPH4U0A,OLC4O0A,SPARE,SPARE,SPARE,
Student_g12_name_877,12,877,NDW4M0A,SES4U0A,ASM4M0B,MEL4E0A,SPARE,SPARE,SPARE,CHM4E0B,
Student_g12_name_878,12,878,MCV4U0B,SPH4C0A,SPARE,HFA4C0A,CGW4U0B,SPARE,ENG4U0A,HZT4U0A,
Student_g12_name_879,12,879,MCV4U0B,SPARE,SPARE,SNC4M0A,OLC4O0A,GLE4O0A,ENG4U0A,BAT4M0B,
Student_g12_name_880,12,880,PPL4OMB,CHM4E0A,PAF4OMB,EWC4U0A,PLF4M0B,SPARE,CIA4U0A,CGW4U0C,
Student_g12_name_881,12,881,BBB4M0D,CGW4U0A,ENG4C0A,GLE4O0B,SPARE,AMI4M0B,SCH4C0A,PAF4OFB,
Student_g12_name_882,12,882,SPARE,MHF4U0A,ENG4C0A,MEL4E0A,CGW4U0B,SPARE,SNC4M0B,HFA4U0B,
Student_g12_name_883,12,883,NDW4M0A,CGW4U0A,ENG4C0A,PAF4OMA,BOH4M0A,AMU4M0A,SPARE,GLS4O0A,
Student_g12_name_884,12,884,ADA4M0B,PSK4U0B,CIA4U0B,HHG4M0B,HSB4U0A,BBB4M0A,ENG4U0A,CHM4E0B,
Student_g12_name_885,12,885,NDW4M0A,PSK4U0B,SPARE,EWC4U0A,AVI4M0A,GLE4O0A,MDM4U0A,BAT4M0B,
Student_g12_name_886,12,886,HNB4M0A,NDW4M0C,HSB4U0C,MEL4E0A,PLF4M0B,BBB4M0A,ENG4U0A,AVI4M0B,
Student_g12_name_887,12,887,SPARE,CGW4U0A,ENG4C0A,SNC4M0A,SCH4U0A,MAP4C0A,AMI4M0A,HHG4M0A,
Student_g12_name_888,12,888,NDW4M0A,SPARE,HSB4U0C,SPARE,CHY4U0A,SPARE,SPARE,HZT4U0A,
Student_g12_name_889,12,889,NDW4M0A,CGW4U0A,CIA4U0B,EWC4U0A,HSB4U0A,TGJ4M0A,MCV4U0A,SPARE,
Student_g12_name_890,12,890,MCV4U0B,ADA4M0A,CIA4U0B,SCH4C0B,SPARE,SPARE,SPARE,BAT4M0B,
Student_g12_name_891,12,891,CLN4U0B,CGW4U0A,ENG4C0A,HHG4M0B,CHY4U0A,SPARE,SCH4C0A,PAF4OFB,
Student_g12_name_892,12,892,SPARE,TDJ4M0B,ENG4C0A,SNC4M0A,FSF4U0A,BBB4M0A,MCV4U0A,ICS4U0B,
Student_g12_name_893,12,893,PPL4OMB,HZT4U0B,BOH4M0B,SCH4C0B,FSF4U0A,SPARE,ENG4U0A,BAT4M0B,
Student_g12_name_894,12,894,HNB4M0A,CHM4E0A,SPARE,HSB4U0B,SCH4U0A,OLC4O0B,ENG4U0A,AVI4M0B,
Student_g12_name_895,12,895,MCV4U0B,SPARE,NDW4M0B,PAF4OMA,SPARE,HNB4M0B,ENG4U0A,HFA4U0B,
Student_g12_name_896,12,896,TCJ4C0A,SES4U0A,NDW4M0B,SPARE,SPARE,SPARE,SPARE,GLS4O0A,
Student_g12_name_897,12,897,NDW4M0A,SES4U0A,SPARE,PLF4M0A,SCH4U0A,TGJ4M0A,ENG4U0A,AMU4M0B,
Student_g12_name_898,12,898,CLN4U0B,NDW4M0C,ENG4C0A,CHY4U0B,SCH4U0A,OLC4O0B,SPARE,BBB4M0B,
Student_g12_name_899,12,899,HNB4M0A,MHF4U0A,ENG4C0A,SPARE,BOH4M0A,OLC4O0B,HFA4U0A,GLS4O0A,
Student_g12_name_900,12,900,MCV4U0B,SPARE,HSB4U0C,EWC4U0A,MEL4E0B,SPARE,SPH4U0B,SPARE,
Student_g12_name_901,12,901,PPL4OMB,MHF4U0A,ASM4M0B,SPARE,SPARE,GLE4O0A,SPARE,BAT4M0B,
Student_g12_name_902,12,902,SES4U0B,MHF4U0A,ENG4C0A,BAT4M0A,CGW4U0B,TGJ4M0A,SPARE,AMU4M0B,
Student_g12_name_903,12,903,CLN4U0B,SPH4C0A,HIP4O0A,EWC4U0A,HSB4U0A,BBB4M0A,HFA4C0B,SPARE,
Student_g12_name_904,12,904,NDW4M0A,TDJ4M0B,SPARE,SPARE,SCH4U0A,SPARE,FSF4U0B,GLS4O0A,
Student_g12_name_905,12,905,TCJ4C0A,PSK4U0B,ASM4M0B,EWC4U0A,SPARE,SPARE,CIA4U0A,ICS4U0B,
Student_g12_name_906,12,906,SPARE,MHF4U0A,HSB4U0C,SBI4U0B,PLF4M0B,SPARE,SPARE,CHM4E0B,
Student_g12_name_907,12,907,TCJ4C0A,MHF4U0A,BOH4M0B,EWC4U0A,MEL4E0B,SPARE,CIA4U0A,BAT4M0B,
Student_g12_name_908,12,908,SES4U0B,MHF4U0A,SPARE,EWC4U0A,TCJ4C0B,TGJ4M0A,SPH4U0B,HHG4M0A,
Student_g12_name_909,12,909,SPARE,IDC4U0B,ASM4M0B,EWC4U0A,FSF4U0A,SPARE,SPARE,CGW4U0C,
Student_g12_name_910,12,910,CLN4U0B,SPARE,HIP4O0A,EWC4U0A,CHY4U0A,BBB4M0A,MCV4U0A,SPARE,
Student_g12_name_911,12,911,SPARE,SPARE,ENG4C0A,PAF4OMA,SPARE,SPARE,SBI4U0A,SPARE,
Student_g12_name_912,12,912,SPARE,SPH4C0A,HIP4O0A,SNC4M0A,SPARE,GLE4O0A,ENG4U0A,HZT4U0A,
Student_g12_name_913,12,913,CLN4U0B,CGW4U0A,ASM4M0B,EWC4U0A,SCH4U0A,TGJ4M0A,SPH4U0B,SPARE,
Student_g12_name_914,12,914,SPARE,CHM4E0A,SPARE,SPH4U0A,SPARE,SPARE,HFA4U0A,HHG4M0A,
Student_g12_name_915,12,915,SPARE,SES4U0A,CIA4U0B,CLN4U0A,CHY4U0A,AMU4M0A,ENG4U0A,GLS4O0A,
Student_g12_name_916,12,916,TCJ4C0A,SPH4C0A,TGJ4M0B,SPARE,SPARE,MAP4C0A,SPARE,SPARE,
Student_g12_name_917,12,917,CLN4U0B,MHF4U0A,SPARE,MDM4U0B,SPARE,AMU4M0A,ENG4U0A,BAT4M0B,
Student_g12_name_918,12,918,HNB4M0A,TDJ4M0B,SPARE,SPARE,MEL4E0B,SPARE,SBI4U0A,SPARE,
Student_g12_name_919,12,919,HNB4M0A,SPH4C0A,SPARE,HSB4U0B,SPARE,SPARE,ENG4U0A,HHG4M0A,
Student_g12_name_920,12,920,SPARE,ADA4M0A,PAF4OMB,HFA4C0A,OLC4O0A,BBB4M0A,ENG4U0A,HFA4U0B,
Student_g12_name_921,12,921,MCV4U0B,SPARE,SPARE,MDM4U0B,FSF4U0A,OLC4O0B,SPARE,SPARE,
Student_g12_name_922,12,922,SPARE,GLS4O0C,SPARE,SPARE,BOH4M0A,BBB4M0A,SPH4U0B,HFA4U0B,
Student_g12_name_923,12,923,SPARE,CGW4U0A,ENG4C0A,PAF4OMA,HSB4U0A,MAP4C0A,SPARE,GLS4O0A,
Student_g12_name_924,12,924,NDW4M0A,PSK4U0B,BOH4M0B,PAF4OMA,CHY4U0A,SPARE,SPARE,HZT4U0A,
Student_g12_name_925,12,925,PPL4OMB,CGW4U0A,NDW4M0B,SNC4M0A,SPARE,AMU4M0A,ENG4U0A,ICS4U0B,
Student_g12_name_926,12,926,SPARE,GLS4O0C,ENG4C0A,SPH4U0A,BOH4M0A,BBB4M0A,TDJ4M0A,PAF4OFB,
Student_g12_name_927,12,927,CLN4U0B,SPARE,HIP4O0A,EWC4U0A,TCJ4C0B,OLC4O0B,SCH4C0A,HFA4U0B,
Student_g12_name_928,12,928,NDW4M0A,ADA4M0A,ENG4C0A,ASM4M0A,HSB4U0A,SPARE,MCV4U0A,GLS4O0A,
Student_g12_name_929,12,929,PPL4OMB,SPARE,ENG4C0A,CHY4U0B,IDC4U0A,BBB4M0A,SPARE,GLS4O0A,
Student_g12_name_930,12,930,MCV4U0B,IDC4U0B,HIP4O0A,SPARE,HSB4U0A,OLC4O0B,SPARE,AVI4M0B,
Student_g12_name_931,12,931,SES4U0B,SPH4C0A,SPARE,EWC4U0A,IDC4U0A,MAP4C0A,MCV4U0A,BBB4M0B,
Student_g12_name_932,12,932,SPARE,CGW4U0A,ENG4C0A,GLE4O0B,SCH4U0A,OLC4O0B,HFA4U0A,BAT4M0B,
Student_g12_name_933,12,933,ADA4M0B,CGW4U0A,SPARE,EWC4U0A,OLC4O0A,SPARE,PAF4OFA,ICS4U0B,
Student_g12_name_934,12,934,SPARE,SPARE,ASM4M0B,SBI4U0B,HSB4U0A,BBB4M0A,ENG4U0A,HFA4U0B,
Student_g12_name_935,12,935,PPL4OMB,SES4U0A,NDW4M0B,EWC4U0A,BOH4M0A,SPARE,FSF4U0B,CHM4E0B,
Student_g12_name_936,12,936,NDW4M0A,GLS4O0C,ENG4C0A,SPARE,IDC4U0A,GLE4O0A,CIA4U0A,HZT4U0A,
Student_g12_name_937,12,937,SPARE,ADA4M0A,ENG4C0A,SBI4U0B,CHY4U0A,GLE4O0A,SCH4C0A,BBB4M0B,
Student_g12_name_938,12,938,SPARE,MHF4U0A,ENG4C0A,SPH4U0A,BOH4M0A,SPARE,CIA4U0A,SPARE,
Student_g12_name_939,12,939,TCJ4C0A,NDW4M0C,BOH4M0B,EWC4U0A,MEL4E0B,SPARE,TDJ4M0A,BAT4M0B,
Student_g12_name_940,12,940,HNB4M0A,SES4U0A,SPARE,SPARE,SPARE,BBB4M0A,ENG4U0A,HHG4M0A,
Student_g12_name_941,12,941,MCV4U0B,CGW4U0A,NDW4M0B,ASM4M0A,BOH4M0A,GLE4O0A,SPARE,SPARE,
Student_g12_name_942,12,942,SPARE,MHF4U0A,SPARE,SCH4C0B,CHY4U0A,GLE4O0A,ENG4U0A,BBB4M0B,
Student_g12_name_943,12,943,SPARE,CHM4E0A,BOH4M0B,EWC4U0A,IDC4U0A,TGJ4M0A,SCH4C0A,SPARE,
Student_g12_name_944,12,944,ADA4M0B,PSK4U0B,SPARE,SCH4C0B,FSF4U0A,AMU4M0A,ENG4U0A,BBB4M0B,
Student_g12_name_945,12,945,SPARE,MHF4U0A,ENG4C0A,MEL4E0A,CHY4U0A,GLE4O0A,HIP4O0B,HFA4U0B,
Student_g12_name_946,12,946,SPARE,IDC4U0B,ENG4C0A,PAF4OMA,CHY4U0A,AMI4M0B,SBI4U0A,HFA4U0B,
Student_g12_name_947,12,947,SPARE,SES4U0A,ENG4C0A,SNC4M0A,SPARE,BBB4M0A,MCV4U0A,ICS4U0B,
Student_g12_name_948,12,948,HNB4M0A,SPARE,BOH4M0B,SPH4U0A,HSB4U0A,MAP4C0A,ENG4U0A,SPARE,
Student_g12_name_949,12,949,SPARE,SPH4C0A,ASM4M0B,EWC4U0A,MEL4E0B,BBB4M0A,SBI4U0A,PAF4OFB,
Student_g12_name_950,12,950,MCV4U0B,IDC4U0B,ENG4C0A,MEL4E0A,SCH4U0A,SPARE,SCH4C0A,PAF4OFB,
Student_g12_name_951,12,951,SPARE,CGW4U0A,ENG4C0A,HSB4U0B,AVI4M0A,MAP4C0A,TDJ4M0A,BAT4M0B,
Student_g12_name_952,12,952,ADA4M0B,SPH4C0A,ENG4C0A,HFA4C0A,IDC4U0A,OLC4O0B,HIP4O0B,SPARE,
Student_g12_name_953,12,953,HNB4M0A,SES4U0A,SPARE,PLF4M0A,TCJ4C0B,SPARE,AMI4M0A,GLS4O0A,
Student_g12_name_954,12,954,SPARE,CHM4E0A,SPARE,CLN4U0A,FSF4U0A,BBB4M0A,PSK4U0A,SPARE,
Student_g12_name_955,12,955,HNB4M0A,HZT4U0B,SPARE,SNC4M0A,SPARE,GLE4O0A,ENG4U0A,HHG4M0A,
Student_g12_name_956,12,956,MCV4U0B,SPARE,SPARE,MEL4E0A,SCH4U0A,HNB4M0B,ENG4U0A,ICS4U0B,
Student_g12_name_957,12,957,SPARE,CGW4U0A,HSB4U0C,SNC4M0A,SCH4U0A,SPARE,ENG4U0A,PAF4OFB,
Student_g12_name_958,12,958,SPARE,SES4U0A,SPARE,SPARE,CHY4U0A,SPARE,SPARE,CHM4E0B,
Student_g12_name_959,12,959,TCJ4C0A,MHF4U0A,SPARE,SPARE,SPARE,MAP4C0A,SBI4U0A,CHM4E0B,
Student_g12_name_960,12,960,NDW4M0A,TDJ4M0B,SPARE,EWC4U0A,AVI4M0A,AMI4M0B,MDM4U0A,BAT4M0B,
Student_g12_name_961,12,961,SPARE,MHF4U0A,HSB4U0C,EWC4U0A,IDC4U0A,TGJ4M0A,SCH4C0A,GLS4O0A,
Student_g12_name_962,12,962,TCJ4C0A,CHM4E0A,SPARE,SBI4U0B,PLF4M0B,TGJ4M0A,ENG4U0A,AVI4M0B,
Student_g12_name_963,12,963,NDW4M0A,SPARE,ENG4C0A,PLF4M0A,IDC4U0A,AMI4M0B,PSK4U0A,SPARE,
Student_g12_name_964,12,964,NDW4M0A,SPH4C0A,CIA4U0B,CHY4U0B,FSF4U0A,SPARE,ENG4U0A,MHF4U0B,
Student_g12_name_965,12,965,HNB4M0A,CGW4U0A,CIA4U0B,SPARE,SPARE,BBB4M0A,MDM4U0A,SPARE,
Student_g12_name_966,12,966,SPARE,CGW4U0A,ENG4C0A,PAF4OMA,OLC4O0A,BBB4M0A,PSK4U0A,HHG4M0A,
Student_g12_name_967,12,967,MCV4U0B,PSK4U0B,TGJ4M0B,CLN4U0A,TCJ4C0B,OLC4O0B,ENG4U0A,PAF4OFB,
Student_g12_name_968,12,968,SPARE,SPH4C0A,BOH4M0B,SBI4U0B,SCH4U0A,MAP4C0A,ENG4U0A,BAT4M0B,
Student_g12_name_969,12,969,CLN4U0B,IDC4U0B,ENG4C0A,ICS4U0A,CHY4U0A,GLE4O0A,SPARE,CHM4E0B,
Student_g12_name_970,12,970,ADA4M0B,PSK4U0B,SPARE,SPARE,SCH4U0A,SPARE,SNC4M0B,SPARE,
Student_g12_name_971,12,971,CLN4U0B,CHM4E0A,ENG4C0A,SPH4U0A,SPARE,MAP4C0A,SPARE,BBB4M0B,
Student_g12_name_972,12,972,TCJ4C0A,CHM4E0A,NDW4M0B,PAF4OMA,SPARE,AMI4M0B,ENG4U0A,BBB4M0B,
Student_g12_name_973,12,973,SPARE,SPH4C0A,HSB4U0C,SCH4C0B,SCH4U0A,BBB4M0A,ENG4U0A,AVI4M0B,
Student_g12_name_974,12,974,MCV4U0B,SES4U0A,BOH4M0B,EWC4U0A,SCH4U0A,SPARE,SPH4U0B,HFA4U0B,
Student_g12_name_975,12,975,NDW4M0A,MHF4U0A,SPARE,SPH4U0A,PLF4M0B,SPARE,SBI4U0A,SPARE,
Student_g12_name_976,12,976,SPARE,ADA4M0A,SPARE,SPARE,SCH4U0A,BBB4M0A,MDM4U0A,HHG4M0A,
Student_g12_name_977,12,977,SPARE,IDC4U0B,SPARE,MEL4E0A,SCH4U0A,SPARE,SCH4C0A,GLS4O0A,
Student_g12_name_978,12,978,SPARE,CHM4E0A,ENG4C0A,SNC4M0A,PLF4M0B,AMU4M0A,MCV4U0A,BAT4M0B,
Student_g12_name_979,12,979,SPARE,GLS4O0C,ENG4C0A,MEL4E0A,SCH4U0A,BBB4M0A,SPARE,HZT4U0A,
Student_g12_name_980,12,980,CLN4U0B,TDJ4M0B,SPARE,SCH4C0B,BOH4M0A,SPARE,MCV4U0A,BAT4M0B,
Student_g12_name_981,12,981,SPARE,CGW4U0A,SPARE,SPARE,OLC4O0A,MAP4C0A,SPH4U0B,GLS4O0A,
Student_g12_name_982,12,982,SPARE,CGW4U0A,SPARE,SPH4U0A,IDC4U0A,SPARE,SPARE,HFA4U0B,
Student_g12_name_983,12,983,NDW4M0A,SES4U0A,TGJ4M0B,SPARE,HSB4U0A,GLE4O0A,SPARE,CGW4U0C,
Student_g12_name_984,12,984,CLN4U0B,CHM4E0A,SPARE,SPARE,AVI4M0A,BBB4M0A,SPH4U0B,PAF4OFB,
Student_g12_name_985,12,985,SPARE,TDJ4M0B,SPARE,SPH4U0A,FSF4U0A,SPARE,SPARE,SPARE,
Student_g12_name_986,12,986,CLN4U0B,ADA4M0A,PAF4OMB,HFA4C0A,AVI4M0A,SPARE,ENG4U0A,GLS4O0A,
Student_g12_name_987,12,987,SPARE,TDJ4M0B,SPARE,ASM4M0A,FSF4U0A,SPARE,MDM4U0A,PAF4OFB,
Student_g12_name_988,12,988,NDW4M0A,ADA4M0A,SPARE,MEL4E0A,TCJ4C0B,BBB4M0A,ENG4U0A,BAT4M0B,
Student_g12_name_989,12,989,CLN4U0B,ADA4M0A,SPARE,SNC4M0A,SPARE,BBB4M0A,ENG4U0A,SPARE,
Student_g12_name_990,12,990,SPARE,SPARE,SPARE,HSB4U0B,FSF4U0A,SPARE,SCH4C0A,HHG4M0A,
Student_g12_name_991,12,991,SPARE,ADA4M0A,SPARE,SBI4U0B,CHY4U0A,AMU4M0A,SCH4C0A,SPARE,
Student_g12_name_992,12,992,NDW4M0A,TDJ4M0B,SPARE,SNC4M0A,MEL4E0B,SPARE,MCV4U0A,HHG4M0A,
Student_g12_name_993,12,993,SPARE,SPARE,ASM4M0B,MDM4U0B,SCH4U0A,SPARE,SPARE,HHG4M0A,
Student_g12_name_994,12,994,SPARE,MHF4U0A,HSB4U0C,EWC4U0A,MEL4E0B,TGJ4M0A,SBI4U0A,GLS4O0A,
Student_g12_name_995,12,995,ADA4M0B,SPARE,SPARE,SPARE,MEL4E0B,SPARE,MDM4U0A,SPARE,
Student_g12_name_996,12,996,PPL4OMB,SPARE,ENG4C0A,SBI4U0B,SCH4U0A,BBB4M0A,MCV4U0A,SPARE,
Student_g12_name_997,12,997,SPARE,SPARE,SPARE,BAT4M0A,AVI4M0A,SPARE,SCH4C0A,HHG4M0A,
Student_g12_name_998,12,998,PPL4OMB,SPARE,SPARE,SPARE,HSB4U0A,HNB4M0B,SBI4U0A,ICS4U0B,
Student_g12_name_999,12,999,TCJ4C0A,CHM4E0A,ASM4M0B,ICS4U0A,HSB4U0A,SPARE,SPARE,HZT4U0A,
Student_g12_name_1000,12,1000,HNB4M0A,CGW4U0A,ENG4C0A,PPL4OMA,TCJ4C0B,MAP4C0A,AMI4M0A,GLS4O0A,
